label,memory,variant,target,function_name,app,package,wall_start,http_status,ttfb_ms,client_total_ms,body_bytes,request_id,error,log_stream,log_matched,duration_ms,billed_duration_ms,memory_size_mb,max_memory_used_mb,init_duration_ms,restore_duration_ms,billed_restore_duration_ms,boot_secrets_sdk_require_ms,boot_secrets_fetch_ms,boot_rails_initialized_ms,boot_puma_booted_ms,lwa_after_restore_ms,lwa_before_checkpoint_ms,cold,db_paused_detected_at,scenario
mem512-r1,512,baseline,WEB_CONTAINER,rlwa-web-container,web,container,1790586408.856591,200,3240.431083133444,3241.017583059147,2885,17ed5a99-f6c5-4164-ae52-f928fdeec6b0,,2026/09/28/rlwa-web-container[3]c919ca2c8bde408a8dd2b8b578a192e6,True,673.39,2983.0,512.0,211.0,2308.73,,,75.0,143.0,1748.0,1764.0,,,True,,
mem512-r1,512,baseline,WEB_CONTAINER,rlwa-web-container,web,container,1790586408.8566551,200,3600.4536661785096,3600.9902912192047,2885,6d4b683e-b510-4df2-acf7-008793e66128,,2026/09/28/rlwa-web-container[3]b65fc48edce240dda915c8f5861d4df3,True,627.57,3307.0,512.0,210.0,2679.0,,,86.0,149.0,2066.0,2091.0,,,True,,
mem512-r1,512,baseline,WEB_CONTAINER,rlwa-web-container,web,container,1790586408.856758,200,4129.103458952159,4129.2938340920955,2885,6281f57e-2b5b-402c-9aae-08b4d815eaf4,,2026/09/28/rlwa-web-container[3]ea004d63c1d94625882efa6c2296cf67,True,733.5,3828.0,512.0,213.0,3093.76,,,99.0,163.0,2369.0,2391.0,,,True,,
mem512-r1,512,baseline,WEB_CONTAINER,rlwa-web-container,web,container,1790586408.856822,200,3316.272791940719,3316.687250044197,2885,6b2aad87-7130-40cd-b60e-29a946aeb2c2,,2026/09/28/rlwa-web-container[3]56381d14ad204d4b9db4b42c682ccf4c,True,687.74,3042.0,512.0,211.0,2353.93,,,71.0,136.0,1779.0,1805.0,,,True,,
mem512-r1,512,baseline,WEB_CONTAINER,rlwa-web-container,web,container,1790586408.856715,200,4058.139749802649,4058.4017909131944,2885,d37c141f-4778-40a7-a33d-9ee8f95ae147,,2026/09/28/rlwa-web-container[3]c0acbeeaac79441783237f15553e9e9e,True,727.2,3766.0,512.0,210.0,3038.67,,,64.0,146.0,2326.0,2354.0,,,True,,
mem512-r1,512,baseline,WEB_CONTAINER,rlwa-web-container,web,container,1790586408.856944,200,4270.772540941834,4271.086582913995,2885,6486b35f-e7ba-43c4-800e-e7c8f2d216d0,,2026/09/28/rlwa-web-container[3]8d881148bbac4628a8bd44199a6858f7,True,761.35,3957.0,512.0,209.0,3194.65,,,92.0,154.0,2433.0,2465.0,,,True,,
mem512-r1,512,baseline,WEB_CONTAINER,rlwa-web-container,web,container,1790586408.856865,200,3404.843792086467,3405.3960831370205,2885,4237e14d-f984-4f1f-9321-353c5d8f7ee4,,2026/09/28/rlwa-web-container[3]0b7499d7a39849eb88f2723186f6b24c,True,678.87,3114.0,512.0,212.0,2434.28,,,78.0,153.0,1855.0,1878.0,,,True,,
mem512-r1,512,baseline,WEB_CONTAINER,rlwa-web-container,web,container,1790586408.8569012,200,3463.6911670677364,3463.95783405751,2885,447229e8-1cb5-4f75-94a9-ac5c60d3fc0a,,2026/09/28/rlwa-web-container[3]4072acfbb23940a09918f5f26d2cb389,True,715.17,3171.0,512.0,211.0,2455.36,,,81.0,140.0,1860.0,1883.0,,,True,,
mem512-r1,512,baseline,WEB_CONTAINER,rlwa-web-container,web,container,1790586408.856999,200,4142.812166828662,4142.973375041038,2885,83be2b2c-a9d9-4fc0-aaf7-e34cca4b25b3,,2026/09/28/rlwa-web-container[3]d76a4b226f5f49c883096d52dd972028,True,736.77,3813.0,512.0,213.0,3075.38,,,100.0,153.0,2328.0,2362.0,,,True,,
mem512-r1,512,baseline,WEB_CONTAINER,rlwa-web-container,web,container,1790586408.856412,200,4259.647333994508,4260.160750010982,2885,8e25de10-2102-4a87-8457-ec730f639080,,2026/09/28/rlwa-web-container[3]2e83d6ff6d2b4990a56bcc07e6c0e35a,True,764.68,3945.0,512.0,214.0,3179.74,,,101.0,179.0,2435.0,2464.0,,,True,,
mem512-r1,512,baseline,API_CONTAINER,rlwa-api-container,api,container,1790586423.56242,200,3679.361958988011,3680.145541904494,493,c5e71b97-bd05-441a-8234-c4c457843971,,2026/09/28/rlwa-api-container[3]95fae6516ddf40418e3efdb879c04cc4,True,509.96,3379.0,512.0,208.0,2868.82,,,60.0,103.0,2190.0,2214.0,,,True,,
mem512-r1,512,baseline,API_CONTAINER,rlwa-api-container,api,container,1790586423.562506,200,3779.2325830087066,3779.3959581758827,493,7962780d-1c86-4987-a84a-fa703463fd94,,2026/09/28/rlwa-api-container[3]6f956004740b4c2b91353d73e52ed3c0,True,528.95,3537.0,512.0,207.0,3007.38,,,87.0,103.0,2292.0,2316.0,,,True,,
mem512-r1,512,baseline,API_CONTAINER,rlwa-api-container,api,container,1790586423.562886,200,3679.884708020836,3680.1586251240224,493,ef4b3cb2-f3ac-4388-967f-93f686b8592f,,2026/09/28/rlwa-api-container[3]48d2f5a22b0e4bcb8699ab1f59ceaf4f,True,494.63,3397.0,512.0,210.0,2901.56,,,62.0,112.0,2207.0,2231.0,,,True,,
mem512-r1,512,baseline,API_CONTAINER,rlwa-api-container,api,container,1790586423.5625658,200,2860.505250049755,2860.9685408882797,493,134d1225-9646-4654-aa76-9f7810af306a,,2026/09/28/rlwa-api-container[3]02287344a72b4d47ad9d3e7a0e26573b,True,474.33,2629.0,512.0,208.0,2154.0,,,49.0,98.0,1637.0,1649.0,,,True,,
mem512-r1,512,baseline,API_CONTAINER,rlwa-api-container,api,container,1790586423.5626209,200,3679.721834138036,3680.6041670497507,493,49ff4d49-baa4-4260-a03a-58f7fed0224b,,2026/09/28/rlwa-api-container[3]63e1fdcc6e14470dbe3f373e4e7301f9,True,516.32,3395.0,512.0,209.0,2877.81,,,63.0,103.0,2167.0,2190.0,,,True,,
mem512-r1,512,baseline,API_CONTAINER,rlwa-api-container,api,container,1790586423.562725,200,3869.9179999530315,3870.3281248454005,493,2b2c7323-4c2f-42eb-b393-03dc9dc4daf2,,2026/09/28/rlwa-api-container[3]1a308d5d576f4391b661a77ab778eac9,True,529.73,3625.0,512.0,206.0,3094.62,,,64.0,106.0,2385.0,2403.0,,,True,,
mem512-r1,512,baseline,API_CONTAINER,rlwa-api-container,api,container,1790586423.562807,200,3901.565207866952,3901.913415873423,493,8a1735ed-e661-465c-8070-0c9c8c98e1ff,,2026/09/28/rlwa-api-container[3]08fd8cdcdebc41008766ee6e52797b6d,True,535.94,3600.0,512.0,206.0,3063.29,,,91.0,120.0,2329.0,2346.0,,,True,,
mem512-r1,512,baseline,API_CONTAINER,rlwa-api-container,api,container,1790586423.5630279,200,3157.6755000278354,3158.0382499378175,493,a145376d-43d2-4e58-87d3-c93f42ca4561,,2026/09/28/rlwa-api-container[3]5e64d3f897a841d499ac0c4ae09514a1,True,515.72,2915.0,512.0,205.0,2398.71,,,66.0,110.0,1830.0,1844.0,,,True,,
mem512-r1,512,baseline,API_CONTAINER,rlwa-api-container,api,container,1790586423.562968,200,3799.5182080194354,3799.6970410458744,493,e061ed73-1424-40bd-8208-f66c06eceabc,,2026/09/28/rlwa-api-container[3]9145fbc31b8a438ab9f20507460b12a4,True,507.91,3528.0,512.0,208.0,3019.64,,,66.0,113.0,2294.0,2310.0,,,True,,
mem512-r1,512,baseline,API_CONTAINER,rlwa-api-container,api,container,1790586423.5621939,200,3680.338667007163,3681.0749999713153,493,73d2ba9e-e862-4a1b-a3ea-8dc151c820de,,2026/09/28/rlwa-api-container[3]07aa636bf0dd4f95ad0b4e2f11563f8f,True,506.25,3376.0,512.0,209.0,2869.06,,,65.0,112.0,2206.0,2220.0,,,True,,
mem512-r1,512,baseline,WEB_SNAPSTART,rlwa-web-snapstart,web,snapstart,1790586438.0184052,200,1616.6662089526653,1616.9587089680135,2885,f11bbd74-16ed-4c49-9db1-3ec740472dcf,,2026/09/28/rlwa-web-snapstart[3]cf966997f038d730cd6f1ec636704420,True,880.55,904.0,512.0,209.0,,494.8,23.0,,,,,0.0,,True,,
mem512-r1,512,baseline,WEB_SNAPSTART,rlwa-web-snapstart,web,snapstart,1790586438.0178869,200,1612.238375004381,1612.564167007804,2885,1200b80d-b584-4d45-9082-719781b8c10d,,2026/09/28/rlwa-web-snapstart[3]7356d36365d7cfa52712955bc56fdaa5,True,857.6,877.0,512.0,212.0,,502.2,19.0,,,,,0.0,,True,,
mem512-r1,512,baseline,WEB_SNAPSTART,rlwa-web-snapstart,web,snapstart,1790586438.0179598,200,1573.2194161973894,1573.6001250334084,2885,6355080b-6fe1-44e0-bd67-f950d90f0291,,2026/09/28/rlwa-web-snapstart[3]e2e9c0e74871e779f922a13437a54321,True,910.29,930.0,512.0,212.0,,415.46,19.0,,,,,0.0,,True,,
mem512-r1,512,baseline,WEB_SNAPSTART,rlwa-web-snapstart,web,snapstart,1790586438.018034,200,1700.4719581454992,1700.7930420804769,2885,a87a52c9-c0cc-4538-9034-a4f2f64d83d6,,2026/09/28/rlwa-web-snapstart[3]eb453ffaeb96c8e43faf6e3c70b0afff,True,911.96,938.0,512.0,209.0,,553.19,26.0,,,,,0.0,,True,,
mem512-r1,512,baseline,WEB_SNAPSTART,rlwa-web-snapstart,web,snapstart,1790586438.0183449,200,1576.1375417932868,1576.4367918018252,2885,56e2e196-726b-4210-971f-2cf4fcf2203a,,2026/09/28/rlwa-web-snapstart[3]0215ff973508cd3db249e5dfaa13f30c,True,847.28,867.0,512.0,212.0,,473.86,19.0,,,,,0.0,,True,,
mem512-r1,512,baseline,WEB_SNAPSTART,rlwa-web-snapstart,web,snapstart,1790586438.018105,200,1586.2142089754343,1586.5738750435412,2885,ab561fe2-253a-469f-858b-3915fe29211f,,2026/09/28/rlwa-web-snapstart[3]ce0e5b124ff2eb235b956304742cb61f,True,880.62,899.0,512.0,212.0,,450.63,18.0,,,,,0.0,,True,,
mem512-r1,512,baseline,WEB_SNAPSTART,rlwa-web-snapstart,web,snapstart,1790586438.018462,200,1636.8472080212086,1637.1064158156514,2885,3c62971e-9912-4b0b-a782-9feb82a45e89,,2026/09/28/rlwa-web-snapstart[3]bfac7ad7e1f53efebc14771ea27e5976,True,921.0,942.0,512.0,212.0,,473.69,20.0,,,,,0.0,,True,,
mem512-r1,512,baseline,WEB_SNAPSTART,rlwa-web-snapstart,web,snapstart,1790586438.018168,200,1511.208042036742,1511.484666960314,2885,0a8530ca-d3a3-405e-96ea-fec4cae0d8b3,,2026/09/28/rlwa-web-snapstart[3]3900d13c420afca584b7712450f2044a,True,797.23,817.0,512.0,212.0,,385.68,19.0,,,,,0.0,,True,,
mem512-r1,512,baseline,WEB_SNAPSTART,rlwa-web-snapstart,web,snapstart,1790586438.018292,200,1827.3458329495043,1827.5242908857763,2885,02d27804-6c03-4389-a6c2-277d334fd6c6,,2026/09/28/rlwa-web-snapstart[3]011b2871e8078744509ebe9e67552916,True,926.01,951.0,512.0,209.0,,665.6,24.0,,,,,0.0,,True,,
mem512-r1,512,baseline,WEB_SNAPSTART,rlwa-web-snapstart,web,snapstart,1790586438.017698,200,1644.6470420341939,1644.9215419124812,2885,d31b4372-7535-4a8a-924f-b7d0808ccc3e,,2026/09/28/rlwa-web-snapstart[3]47fa2184e59372d99c316998b7221aec,True,882.34,907.0,512.0,209.0,,516.46,24.0,,,,,0.0,,True,,
mem512-r1,512,baseline,API_SNAPSTART,rlwa-api-snapstart,api,snapstart,1790586450.326806,200,1399.4635839480907,1399.8501668684185,493,dd42005c-f148-4c68-930b-e0d2d0b34865,,2026/09/28/rlwa-api-snapstart[3]0192b04cccb625f29d9c4a6427dddb5a,True,649.7,673.0,512.0,214.0,,572.74,23.0,,,,,0.0,,True,,
mem512-r1,512,baseline,API_SNAPSTART,rlwa-api-snapstart,api,snapstart,1790586450.32688,200,1308.4106659516692,1308.8186660315841,493,92d04030-379e-4796-9d69-baebf4e0b161,,2026/09/28/rlwa-api-snapstart[3]5407593f1c4672959a45ff40170fb343,True,588.07,611.0,512.0,214.0,,548.62,22.0,,,,,0.0,,True,,
mem512-r1,512,baseline,API_SNAPSTART,rlwa-api-snapstart,api,snapstart,1790586450.32696,200,1219.4421661552042,1219.696250045672,493,76fab89a-9431-4b7f-87c8-1240ff313af0,,2026/09/28/rlwa-api-snapstart[3]b8b1ea9cd701f5e3f8dd7758e9b6925a,True,554.48,675.0,512.0,210.0,,487.31,120.0,,,,,0.0,,True,,
mem512-r1,512,baseline,API_SNAPSTART,rlwa-api-snapstart,api,snapstart,1790586450.327018,200,1351.037791930139,1351.3972079381347,493,0a02d40a-cce5-400d-bd49-8ec4b7b1e44e,,2026/09/28/rlwa-api-snapstart[3]5510d37b777ad26ede5a6d1945f9d08e,True,623.37,646.0,512.0,215.0,,550.62,22.0,,,,,0.0,,True,,
mem512-r1,512,baseline,API_SNAPSTART,rlwa-api-snapstart,api,snapstart,1790586450.327132,200,1433.5294170305133,1433.8391250930727,493,04117db4-f3fd-4d40-8c27-dfc149d40fad,,2026/09/28/rlwa-api-snapstart[3]edcdf7d41901af68629b1a3742a8f3b6,True,503.51,774.0,512.0,210.0,,607.7,270.0,,,,,0.0,,True,,
mem512-r1,512,baseline,API_SNAPSTART,rlwa-api-snapstart,api,snapstart,1790586450.327178,200,1148.1478749774396,1148.4837089665234,493,3c28c898-bf18-49e9-9124-a02b715f6966,,2026/09/28/rlwa-api-snapstart[3]c887889947619d1f0bbe3e21dc94cf4d,True,549.17,569.0,512.0,210.0,,422.15,19.0,,,,,0.0,,True,,
mem512-r1,512,baseline,API_SNAPSTART,rlwa-api-snapstart,api,snapstart,1790586450.327229,200,1125.2679580356926,1125.551083125174,493,8f42eb20-a15a-4c56-a70a-c9f973be7885,,2026/09/28/rlwa-api-snapstart[3]b364cd7e472e55ca883e17aef671b083,True,554.78,572.0,512.0,210.0,,394.87,17.0,,,,,0.0,,True,,
mem512-r1,512,baseline,API_SNAPSTART,rlwa-api-snapstart,api,snapstart,1790586450.327264,200,1289.1814999748021,1289.5875410176814,493,aa6ba80c-be9c-4a8f-9b5d-b6f8c3fa8b3e,,2026/09/28/rlwa-api-snapstart[3]c7ffea4b002e7f101a393f89b9ed46c1,True,615.7,639.0,512.0,214.0,,495.98,23.0,,,,,0.0,,True,,
mem512-r1,512,baseline,API_SNAPSTART,rlwa-api-snapstart,api,snapstart,1790586450.3273249,200,1122.2463748417795,1122.6722500286996,493,27f4652e-5fee-4b24-ba97-6b2369fc13cc,,2026/09/28/rlwa-api-snapstart[3]2d4cdd65c21345160613c0b53bf8df83,True,560.59,584.0,512.0,210.0,,386.34,23.0,,,,,0.0,,True,,
mem512-r1,512,baseline,API_SNAPSTART,rlwa-api-snapstart,api,snapstart,1790586450.326637,200,1189.7421670146286,1189.9180000182241,493,2f8e02b6-aeff-4b37-8449-5e89b2e48e8c,,2026/09/28/rlwa-api-snapstart[3]55c58e5dcd2027a80bcb483adbca7dd5,True,581.97,599.0,512.0,210.0,,431.91,17.0,,,,,0.0,,True,,
mem512-r1,512,baseline,WEB_ZIP,rlwa-web-zip,web,zip,1790586466.672915,200,7771.030958043411,7771.63783297874,2885,abdbfa92-36cb-4535-950e-c93abc4e4184,,2026/09/28/rlwa-web-zip[3]918b5f04b1694a1792d8d3477e95f4fe,True,965.64,7203.0,512.0,240.0,6236.6,,,225.0,240.0,5656.0,5691.0,,,True,,
mem512-r1,512,baseline,WEB_ZIP,rlwa-web-zip,web,zip,1790586466.67311,200,8788.391250185668,8788.888124981895,2885,1fbd66a2-2a0e-40eb-87ec-2b54b179b32d,,2026/09/28/rlwa-web-zip[3]2cee368255ff48998175e287374d2c21,True,1030.94,8280.0,512.0,239.0,7248.64,,,295.0,285.0,6430.0,6463.0,,,True,,
mem512-r1,512,baseline,WEB_ZIP,rlwa-web-zip,web,zip,1790586466.673023,200,8245.56904216297,8245.737875113264,2885,aa8ba764-c579-4f0c-875b-853d2b2ad94a,,2026/09/28/rlwa-web-zip[3]63fc84d603d6468baf0bdfebf3fdd7d0,True,1020.7,7766.0,512.0,240.0,6744.35,,,250.0,263.0,5988.0,6031.0,,,True,,
mem512-r1,512,baseline,WEB_ZIP,rlwa-web-zip,web,zip,1790586466.6735911,200,8594.370667124167,8594.815250020474,2885,2799d9e8-a8a9-4454-9219-95556ae78cc9,,2026/09/28/rlwa-web-zip[3]0c4f55f13b644d9d8844446977f23550,True,933.19,8008.0,512.0,243.0,7074.15,,,277.0,307.0,6345.0,6375.0,,,True,,
mem512-r1,512,baseline,WEB_ZIP,rlwa-web-zip,web,zip,1790586466.673296,200,8078.724958002567,8079.061707947403,2885,6e651e58-d1eb-4b79-8e69-d429e206ace0,,2026/09/28/rlwa-web-zip[3]658abc38b93c4c70bc2dda4a18fda174,True,1028.54,7575.0,512.0,239.0,6546.18,,,247.0,255.0,5894.0,5925.0,,,True,,
mem512-r1,512,baseline,WEB_ZIP,rlwa-web-zip,web,zip,1790586466.673221,200,8880.020624957979,8880.93883288093,2885,d75dcc19-a457-4559-8941-adea9acf853c,,2026/09/28/rlwa-web-zip[3]73bd33e7838b42cb90f3038fb8d92ea0,True,1024.1,8394.0,512.0,240.0,7369.11,,,302.0,342.0,6592.0,6626.0,,,True,,
mem512-r1,512,baseline,WEB_ZIP,rlwa-web-zip,web,zip,1790586466.673512,200,8124.581542098895,8125.045167049393,2885,d28427ab-8c5a-4edc-9bbb-fa8e98c59738,,2026/09/28/rlwa-web-zip[3]d51427daf10d4744a59f724c066e1b7d,True,1013.97,7641.0,512.0,242.0,6626.96,,,254.0,262.0,5919.0,5957.0,,,True,,
mem512-r1,512,baseline,WEB_ZIP,rlwa-web-zip,web,zip,1790586466.673395,200,8223.145416006446,8223.326583160087,2885,2d5e2e9c-4424-4340-9e8c-344c97b9cf1d,,2026/09/28/rlwa-web-zip[3]b133f3712fd84e63be264008cae0d365,True,1034.78,7749.0,512.0,238.0,6713.65,,,254.0,271.0,5973.0,6005.0,,,True,,
mem512-r1,512,baseline,WEB_ZIP,rlwa-web-zip,web,zip,1790586466.673467,200,8962.512665893883,8963.34945783019,2885,a60ba38d-78d0-4a6c-8cee-4bfd6362ae57,,2026/09/28/rlwa-web-zip[3]2e27cd856a084ba4819faa233b4c758c,True,1045.89,8457.0,512.0,239.0,7410.96,,,297.0,288.0,6545.0,6586.0,,,True,,
mem512-r1,512,baseline,WEB_ZIP,rlwa-web-zip,web,zip,1790586466.67268,200,8191.602707840502,8193.49933299236,2885,1b6f5aa8-cd06-4805-8d4e-2bd9386d2db0,,2026/09/28/rlwa-web-zip[3]7addfeeba63645319cb5015c0643a007,True,1080.62,7737.0,512.0,242.0,6656.02,,,252.0,274.0,5993.0,6032.0,,,True,,
mem512-r1,512,baseline,API_ZIP,rlwa-api-zip,api,zip,1790586486.291007,200,7640.567083843052,7640.84087498486,493,bece23e5-b7fd-4777-ba7c-7848f29876a2,,2026/09/28/rlwa-api-zip[3]1acd5f59a0b6476fba0f67352a7f8109,True,683.14,7160.0,512.0,237.0,6476.76,,,256.0,293.0,5751.0,5783.0,,,True,,
mem512-r1,512,baseline,API_ZIP,rlwa-api-zip,api,zip,1790586486.291098,200,8184.878750005737,8185.477582970634,493,f19c6b8a-27c1-4c66-969a-3b6e08abc6bc,,2026/09/28/rlwa-api-zip[3]51a8c67d75e248b79d388c4d6b9eb7c9,True,695.06,7668.0,512.0,237.0,6972.6,,,296.0,322.0,6216.0,6245.0,,,True,,
mem512-r1,512,baseline,API_ZIP,rlwa-api-zip,api,zip,1790586486.291737,200,7499.299416085705,7499.509750166908,493,2f2e4338-82ee-4336-9338-2ad288a0faae,,2026/09/28/rlwa-api-zip[3]f5a96ec14ce348158ec3cb188bb4ed61,True,650.17,7013.0,512.0,235.0,6361.92,,,252.0,302.0,5657.0,5690.0,,,True,,
mem512-r1,512,baseline,API_ZIP,rlwa-api-zip,api,zip,1790586486.291243,200,7408.483542036265,7408.748375019059,493,852d22cd-a075-4f1a-8737-f5ce01289c45,,2026/09/28/rlwa-api-zip[3]5db2e9cff0914a16840b8253a17f245a,True,671.74,6934.0,512.0,238.0,6261.98,,,263.0,270.0,5630.0,5664.0,,,True,,
mem512-r1,512,baseline,API_ZIP,rlwa-api-zip,api,zip,1790586486.2911758,200,8213.721208041534,8213.995750062168,493,0067b454-77f9-4a14-a60a-9e4b947a1160,,2026/09/28/rlwa-api-zip[3]a19297cab2ca4057a7f428f9be033026,True,705.51,7714.0,512.0,234.0,7007.92,,,355.0,303.0,6254.0,6291.0,,,True,,
mem512-r1,512,baseline,API_ZIP,rlwa-api-zip,api,zip,1790586486.2915468,200,7526.506750145927,7526.752500096336,493,4ab06a21-02cc-4e8a-94b7-4120cbd1c012,,2026/09/28/rlwa-api-zip[3]1528042735d44df79925ec905eb55cb7,True,675.3,7056.0,512.0,237.0,6380.63,,,268.0,278.0,5657.0,5690.0,,,True,,
mem512-r1,512,baseline,API_ZIP,rlwa-api-zip,api,zip,1790586486.291347,200,8172.148166922852,8172.703458927572,493,2d6efeda-5039-4036-962a-4005dd8e388c,,2026/09/28/rlwa-api-zip[3]7df941afa8234b0caa9949e42244f595,True,703.85,7676.0,512.0,234.0,6971.76,,,322.0,286.0,6162.0,6200.0,,,True,,
mem512-r1,512,baseline,API_ZIP,rlwa-api-zip,api,zip,1790586486.291693,200,7408.23733410798,7408.342834096402,493,bb7debc5-c1bf-41fd-a1ac-753aaf974203,,2026/09/28/rlwa-api-zip[3]5fe111fa75514f7ebc26827317cfd5a3,True,668.99,6904.0,512.0,237.0,6234.55,,,266.0,310.0,5599.0,5623.0,,,True,,
mem512-r1,512,baseline,API_ZIP,rlwa-api-zip,api,zip,1790586486.291605,200,8359.507374931127,8360.231249826029,493,4fa7ebd3-fdd5-49d8-87cc-23a423d9d22c,,2026/09/28/rlwa-api-zip[3]395601f205c142949f71d592e35b7b3d,True,694.66,7842.0,512.0,237.0,7147.18,,,302.0,350.0,6350.0,6380.0,,,True,,
mem512-r1,512,baseline,API_ZIP,rlwa-api-zip,api,zip,1790586486.2906141,200,7734.030917054042,7734.27191702649,493,7bcc7570-773e-4604-9c46-805f2b22e060,,2026/09/28/rlwa-api-zip[3]67f1cb118d9d4e889d55a949d4c0de55,True,646.61,7230.0,512.0,238.0,6583.37,,,274.0,305.0,5887.0,5921.0,,,True,,
mem512-r2,512,baseline,WEB_CONTAINER,rlwa-web-container,web,container,1790586597.832619,200,4112.052500015125,4113.6473750229925,2885,55ab701a-9dea-4900-83e3-fbe23b5ad018,,2026/09/28/rlwa-web-container[4]69b2d39eb377442ebff4381e205ef9a9,True,739.97,3788.0,512.0,214.0,3047.06,,,100.0,165.0,2331.0,2365.0,,,True,,
mem512-r2,512,baseline,WEB_CONTAINER,rlwa-web-container,web,container,1790586597.832685,200,3113.2450830191374,3114.158040843904,2885,a1364390-b8dd-49bb-85a1-cb78adbb1209,,2026/09/28/rlwa-web-container[4]805c08bc3b9a449a97ede132ca5a07a4,True,658.81,2847.0,512.0,212.0,2187.71,,,70.0,129.0,1645.0,1670.0,,,True,,
mem512-r2,512,baseline,WEB_CONTAINER,rlwa-web-container,web,container,1790586597.832741,200,4291.873874841258,4292.050582822412,2885,e1f77369-4a82-4a76-ba06-f6aa239ec18b,,2026/09/28/rlwa-web-container[4]0eadbe33ebef44179763db44601187dd,True,753.68,3961.0,512.0,211.0,3206.7,,,107.0,164.0,2455.0,2484.0,,,True,,
mem512-r2,512,baseline,WEB_CONTAINER,rlwa-web-container,web,container,1790586597.8327942,200,3513.8355838134885,3514.0573747921735,2885,9d51ae15-2701-47e7-9acc-b3ee34ee3329,,2026/09/28/rlwa-web-container[4]308f4dbbc1dd42b386ce8eb7209cb691,True,718.67,3195.0,512.0,211.0,2475.42,,,73.0,143.0,1864.0,1883.0,,,True,,
mem512-r2,512,baseline,WEB_CONTAINER,rlwa-web-container,web,container,1790586597.832884,200,4117.306166095659,4117.753041209653,2885,571c1440-b800-4aeb-8e3c-80f14bdad46b,,2026/09/28/rlwa-web-container[4]89a61dd7179746c195adc5373484f3a0,True,755.83,3795.0,512.0,215.0,3038.21,,,95.0,159.0,2314.0,2347.0,,,True,,
mem512-r2,512,baseline,WEB_CONTAINER,rlwa-web-container,web,container,1790586597.832844,200,4086.11166710034,4086.94791700691,2885,1bbf9bca-ec5d-4535-bae2-1ba42edc47d3,,2026/09/28/rlwa-web-container[4]1ac87614a6aa48dba72c83561a081e84,True,752.02,3783.0,512.0,211.0,3030.11,,,96.0,159.0,2322.0,2349.0,,,True,,
mem512-r2,512,baseline,WEB_CONTAINER,rlwa-web-container,web,container,1790586597.8329222,200,4331.460417015478,4331.6304590553045,2885,f95aac6a-19fc-44ac-945c-107ee8761c1d,,2026/09/28/rlwa-web-container[4]40079c0482084cdfa551c80fb9701eb9,True,740.73,3908.0,512.0,211.0,3166.45,,,97.0,171.0,2414.0,2442.0,,,True,,
mem512-r2,512,baseline,WEB_CONTAINER,rlwa-web-container,web,container,1790586597.833002,200,3645.9107080008835,3646.5054161380976,2885,435c81c1-0aa2-4a51-bd3a-33c13dc385a0,,2026/09/28/rlwa-web-container[4]6f5cd408b66b46fcadbdf4a2c1237264,True,749.34,3321.0,512.0,211.0,2571.01,,,73.0,123.0,1929.0,1958.0,,,True,,
mem512-r2,512,baseline,WEB_CONTAINER,rlwa-web-container,web,container,1790586597.8329558,200,4063.081792090088,4065.6501250341535,2885,0f300323-21ef-4ce1-82d6-d78d70090fb6,,2026/09/28/rlwa-web-container[4]99b74b111df2437cb0c639426d0391df,True,716.2,3783.0,512.0,211.0,3066.79,,,63.0,143.0,2369.0,2390.0,,,True,,
mem512-r2,512,baseline,WEB_CONTAINER,rlwa-web-container,web,container,1790586597.832449,200,3973.72908401303,3974.693709053099,2885,045a2553-1232-4248-a2a5-772e75bf856b,,2026/09/28/rlwa-web-container[4]e8f528ddea0c48b28090ed4d504838dd,True,742.48,3690.0,512.0,211.0,2947.3,,,93.0,148.0,2268.0,2289.0,,,True,,
mem512-r2,512,baseline,API_CONTAINER,rlwa-api-container,api,container,1790586612.788298,200,3204.008167143911,3204.5102501288056,493,4fc07b46-caf7-469a-80e1-47e56460dda4,,2026/09/28/rlwa-api-container[4]5acc3b14e9d64108adcd26a751dcef13,True,499.63,2970.0,512.0,208.0,2469.44,,,73.0,113.0,1899.0,1922.0,,,True,,
mem512-r2,512,baseline,API_CONTAINER,rlwa-api-container,api,container,1790586612.788219,200,3107.7770420815796,3108.2832501269877,493,6ea1b16e-f749-4e6b-9409-7b143f9d4ab6,,2026/09/28/rlwa-api-container[4]91ff1dafb6d04389ab43c77ecfdd8ea8,True,498.91,2876.0,512.0,209.0,2376.15,,,51.0,92.0,1766.0,1786.0,,,True,,
mem512-r2,512,baseline,API_CONTAINER,rlwa-api-container,api,container,1790586612.788374,200,3723.99133304134,3724.2304580286145,493,bc1bda2c-8354-4bc1-874a-499eb6b8f499,,2026/09/28/rlwa-api-container[4]e9fd53f433f1446091a5cd820180fd1a,True,515.47,3494.0,512.0,206.0,2977.8,,,94.0,113.0,2297.0,2314.0,,,True,,
mem512-r2,512,baseline,API_CONTAINER,rlwa-api-container,api,container,1790586612.788523,200,3623.8577920012176,3624.084542039782,493,00221026-a411-4ee9-bc90-efbeb6fb3a8e,,2026/09/28/rlwa-api-container[4]fc97e11f4c26453384a18bedd7efb209,True,505.54,3348.0,512.0,207.0,2842.32,,,83.0,75.0,2169.0,2187.0,,,True,,
mem512-r2,512,baseline,API_CONTAINER,rlwa-api-container,api,container,1790586612.7884579,200,3667.734165908769,3668.6451248824596,493,c2e6ba18-272f-4c0f-8be9-4a1595d568eb,,2026/09/28/rlwa-api-container[4]8d67e402fbe04cd88def8118e5d8cdb5,True,517.31,3420.0,512.0,206.0,2902.39,,,64.0,105.0,2226.0,2245.0,,,True,,
mem512-r2,512,baseline,API_CONTAINER,rlwa-api-container,api,container,1790586612.7887738,200,2988.3226251695305,2988.6489170603454,493,ea6faf97-4be2-4e98-ab97-553342f4e9c6,,2026/09/28/rlwa-api-container[4]3c2b6ef2bdd04395b410402ffe14fbf3,True,483.39,2740.0,512.0,210.0,2256.43,,,48.0,100.0,1717.0,1737.0,,,True,,
mem512-r2,512,baseline,API_CONTAINER,rlwa-api-container,api,container,1790586612.788686,200,3008.9965001679957,3009.664708049968,493,6e16a232-d5e0-4378-968e-2aece216891c,,2026/09/28/rlwa-api-container[4]2e0074a1c8bd48f8b57d15b26f914458,True,489.63,2793.0,512.0,206.0,2302.87,,,62.0,97.0,1747.0,1762.0,,,True,,
mem512-r2,512,baseline,API_CONTAINER,rlwa-api-container,api,container,1790586612.788737,200,3064.035875024274,3064.814625075087,493,4935b475-d431-4322-8c5d-746b776adaeb,,2026/09/28/rlwa-api-container[4]35ad1eb99e724cd3935c79e0ddcad51f,True,500.51,2833.0,512.0,205.0,2332.1,,,67.0,98.0,1768.0,1790.0,,,True,,
mem512-r2,512,baseline,API_CONTAINER,rlwa-api-container,api,container,1790586612.7885828,200,3171.503541059792,3171.9332500360906,493,cb50e9b5-e7e4-46d4-bf47-e815ba6ec950,,2026/09/28/rlwa-api-container[4]4443d4b19c1a4091bde65fdec6313f94,True,499.82,2930.0,512.0,210.0,2429.74,,,51.0,123.0,1812.0,1833.0,,,True,,
mem512-r2,512,baseline,API_CONTAINER,rlwa-api-container,api,container,1790586612.7880142,200,3724.562874995172,3724.749749992043,493,7d180c12-1596-4f6f-8766-2b12a53272e2,,2026/09/28/rlwa-api-container[4]fa6c292e03d54585967b4f4824828946,True,531.12,3474.0,512.0,207.0,2941.99,,,84.0,83.0,2236.0,2253.0,,,True,,
mem512-r2,512,baseline,WEB_SNAPSTART,rlwa-web-snapstart,web,snapstart,1790586627.000098,200,1621.6406668536365,1621.978832874447,2885,e390e418-9c09-4080-97fb-4df3561b8d53,,2026/09/28/rlwa-web-snapstart[4]9fbb91ff3b3fa2cd7b2c7eab350598f6,True,868.62,891.0,512.0,213.0,,523.8,22.0,,,,,0.0,,True,,
mem512-r2,512,baseline,WEB_SNAPSTART,rlwa-web-snapstart,web,snapstart,1790586627.000181,200,1461.7329998873174,1462.3864169698209,2885,3ec13a94-1730-42a0-bb50-b6b020663dac,,2026/09/28/rlwa-web-snapstart[4]7c5c5c47fc9bc9167b5077749b920638,True,810.88,831.0,512.0,211.0,,402.61,20.0,,,,,0.0,,True,,
mem512-r2,512,baseline,WEB_SNAPSTART,rlwa-web-snapstart,web,snapstart,1790586627.000273,200,1784.5895839855075,1785.162084037438,2885,dc7380f9-1694-4533-afbd-3f46ce5bd6f6,,2026/09/28/rlwa-web-snapstart[4]d1d7acaf7f4e953acfa20198383f39e1,True,929.77,988.0,512.0,213.0,,620.56,58.0,,,,,0.0,,True,,
mem512-r2,512,baseline,WEB_SNAPSTART,rlwa-web-snapstart,web,snapstart,1790586627.000354,200,1621.9710409641266,1622.1599159762263,2885,ee9955e7-223a-4cef-a608-1e0943b9dc76,,2026/09/28/rlwa-web-snapstart[4]9bff26bfe1f7114221f967a904ead069,True,818.15,838.0,512.0,211.0,,571.4,19.0,,,,,0.0,,True,,
mem512-r2,512,baseline,WEB_SNAPSTART,rlwa-web-snapstart,web,snapstart,1790586627.000625,200,1497.8999998420477,1498.3376669697464,2885,332e189a-f63a-4979-8d30-5460bb33f936,,2026/09/28/rlwa-web-snapstart[4]7abd48048c5e079c946a68b4b4510bac,True,859.39,880.0,512.0,211.0,,439.04,20.0,,,,,0.0,,True,,
mem512-r2,512,baseline,WEB_SNAPSTART,rlwa-web-snapstart,web,snapstart,1790586627.000443,200,1661.4165001083165,1661.720999982208,2885,c8553515-0166-4161-a6d6-9ff40c293e80,,2026/09/28/rlwa-web-snapstart[4]f6f9aa24aed080704320908c39a4aeb9,True,929.63,954.0,512.0,213.0,,505.9,24.0,,,,,0.0,,True,,
mem512-r2,512,baseline,WEB_SNAPSTART,rlwa-web-snapstart,web,snapstart,1790586627.000748,200,1674.1398749873042,1674.5466669090092,2885,bf462dbd-5d93-4bb9-b991-66084b184023,,2026/09/28/rlwa-web-snapstart[4]f1cae35a89a25b44ea1031ab3d9ff0ba,True,949.82,974.0,512.0,212.0,,480.8,24.0,,,,,0.0,,True,,
mem512-r2,512,baseline,WEB_SNAPSTART,rlwa-web-snapstart,web,snapstart,1790586627.000683,200,1460.3977920487523,1461.2964999396354,2885,ce17b9de-6ae9-4b08-bdb2-d495df9c6853,,2026/09/28/rlwa-web-snapstart[4]df547a0ef04249b1c109ac62b3c4b670,True,679.76,697.0,512.0,211.0,,497.15,17.0,,,,,0.0,,True,,
mem512-r2,512,baseline,WEB_SNAPSTART,rlwa-web-snapstart,web,snapstart,1790586627.0008051,200,1570.9181670099497,1571.2997501250356,2885,ae48ed09-60ab-4ccf-b8ea-054490e2c504,,2026/09/28/rlwa-web-snapstart[4]0313e9ccdbb9596437b258fe700cc415,True,803.41,824.0,512.0,211.0,,464.96,20.0,,,,,0.0,,True,,
mem512-r2,512,baseline,WEB_SNAPSTART,rlwa-web-snapstart,web,snapstart,1790586626.9998841,200,1540.5456668231636,1541.9362499378622,2885,9ded3503-9abd-49f6-9a49-f45739384ed1,,2026/09/28/rlwa-web-snapstart[4]e49a968288b35ef9774c174ea31e5702,True,809.62,828.0,512.0,211.0,,514.19,18.0,,,,,0.0,,True,,
mem512-r2,512,baseline,API_SNAPSTART,rlwa-api-snapstart,api,snapstart,1790586643.53388,200,1112.8907080274075,1113.0797499790788,493,09b2731d-9555-4cb9-ad98-53a3bddf7f23,,2026/09/28/rlwa-api-snapstart[4]43fc8a9150d9f3fc3bdb7dfe4d134fc7,True,525.03,543.0,512.0,210.0,,394.63,17.0,,,,,0.0,,True,,
mem512-r2,512,baseline,API_SNAPSTART,rlwa-api-snapstart,api,snapstart,1790586643.533797,200,1237.9527918528765,1238.3684169035405,493,93bd2e0b-8725-47bd-ab92-b09616f40c5b,,2026/09/28/rlwa-api-snapstart[4]184c0ab4d6bbf4390abb849aabc5399f,True,580.12,601.0,512.0,210.0,,463.98,20.0,,,,,0.0,,True,,
mem512-r2,512,baseline,API_SNAPSTART,rlwa-api-snapstart,api,snapstart,1790586643.533952,200,1199.1842919960618,1199.3842921219766,493,408547fa-d2e8-4c97-8424-0b4d5711f954,,2026/09/28/rlwa-api-snapstart[4]8d347f69f428ceba2ace8a044edce216,True,543.35,562.0,512.0,210.0,,462.7,18.0,,,,,0.0,,True,,
mem512-r2,512,baseline,API_SNAPSTART,rlwa-api-snapstart,api,snapstart,1790586643.534078,200,1242.937375092879,1243.302958086133,493,5d348f9f-fa20-43ff-814f-706caf116a31,,2026/09/28/rlwa-api-snapstart[4]4ca17731d9e9592ab051126cb3282480,True,604.67,623.0,512.0,210.0,,434.74,18.0,,,,,0.0,,True,,
mem512-r2,512,baseline,API_SNAPSTART,rlwa-api-snapstart,api,snapstart,1790586643.53421,200,1377.7265418320894,1378.3923748414963,493,caeab997-f275-4060-a39f-ad18ff5a41ab,,2026/09/28/rlwa-api-snapstart[4]aba616f9550a1ff3dadea06b4a9fc2f5,True,572.89,596.0,512.0,208.0,,594.76,23.0,,,,,0.0,,True,,
mem512-r2,512,baseline,API_SNAPSTART,rlwa-api-snapstart,api,snapstart,1790586643.534271,200,1273.5930420458317,1273.91600003466,493,1d4b591d-e5e6-4094-a166-08c4407e3c13,,2026/09/28/rlwa-api-snapstart[4]161a17a235957c20c3243a32c353db11,True,548.91,565.0,512.0,210.0,,519.47,16.0,,,,,0.0,,True,,
mem512-r2,512,baseline,API_SNAPSTART,rlwa-api-snapstart,api,snapstart,1790586643.534336,200,1208.092916989699,1208.2622919697315,493,b18d96a0-eb5e-485d-beea-24efd71dc5da,,2026/09/28/rlwa-api-snapstart[4]1779ece1a7aa9e410a27d9efaa25b0e1,True,573.09,592.0,512.0,210.0,,429.84,18.0,,,,,0.0,,True,,
mem512-r2,512,baseline,API_SNAPSTART,rlwa-api-snapstart,api,snapstart,1790586643.534389,200,1267.8697500377893,1268.2161659467965,493,3652d741-bc34-4f2d-b94e-157f381ae681,,2026/09/28/rlwa-api-snapstart[4]1a9dfe4e6f457c9a230a96c3a23f145a,True,585.02,604.0,512.0,210.0,,484.5,18.0,,,,,0.0,,True,,
mem512-r2,512,baseline,API_SNAPSTART,rlwa-api-snapstart,api,snapstart,1790586643.534441,200,1276.3927921187133,1276.660708943382,493,4a5fb62f-c4fb-40fd-95fa-92ac589243d8,,2026/09/28/rlwa-api-snapstart[4]c085eac1416ce954d21ee915619c5041,True,598.22,621.0,512.0,208.0,,482.8,22.0,,,,,0.0,,True,,
mem512-r2,512,baseline,API_SNAPSTART,rlwa-api-snapstart,api,snapstart,1790586643.533626,200,1139.414249919355,1139.7470838855952,493,d5a05f64-767d-4fa6-921b-04d6bac3d269,,2026/09/28/rlwa-api-snapstart[4]e107d0a161e5332f58906fa43396cc3b,True,525.74,542.0,512.0,210.0,,419.87,16.0,,,,,0.0,,True,,
mem512-r2,512,baseline,WEB_ZIP,rlwa-web-zip,web,zip,1790586659.5348969,200,8138.371082954109,8138.668916886672,2885,0ae443d1-6b53-4eef-b7f5-62bccc8fe274,,2026/09/28/rlwa-web-zip[4]0e78352a99074d899a625bea95e4744e,True,1010.3,7596.0,512.0,239.0,6585.45,,,264.0,279.0,5964.0,6000.0,,,True,,
mem512-r2,512,baseline,WEB_ZIP,rlwa-web-zip,web,zip,1790586659.535004,200,8152.002000017092,8154.304957948625,2885,1721021a-7971-41b8-a04e-204ac85492af,,2026/09/28/rlwa-web-zip[4]e07d693b94bb4e4ebb393e07acc8a377,True,1024.48,7635.0,512.0,239.0,6610.09,,,249.0,269.0,5925.0,5957.0,,,True,,
mem512-r2,512,baseline,WEB_ZIP,rlwa-web-zip,web,zip,1790586659.5355651,200,8212.591957999393,8212.84291613847,2885,f9702391-79da-4b19-9636-d275bd8c4ba6,,2026/09/28/rlwa-web-zip[4]2da8ae13339f480c92ccd7fea0acdee1,True,1006.89,7644.0,512.0,241.0,6637.03,,,243.0,299.0,5937.0,5968.0,,,True,,
mem512-r2,512,baseline,WEB_ZIP,rlwa-web-zip,web,zip,1790586659.5351,200,8407.403624849394,8410.223749931902,2885,e481f92b-ede6-42d6-9097-242476403d2e,,2026/09/28/rlwa-web-zip[4]8701cf62e42b4508b749d9319816e177,True,1012.49,7858.0,512.0,239.0,6845.47,,,251.0,298.0,5994.0,6032.0,,,True,,
mem512-r2,512,baseline,WEB_ZIP,rlwa-web-zip,web,zip,1790586659.5351832,200,8921.995415817946,8922.343499958515,2885,e1cd8738-0e50-4fa9-92be-dd74174b2710,,2026/09/28/rlwa-web-zip[4]41c8e0718fcd4a299d69f3ff0a99477d,True,1059.13,8342.0,512.0,242.0,7282.85,,,293.0,294.0,6464.0,6507.0,,,True,,
mem512-r2,512,baseline,WEB_ZIP,rlwa-web-zip,web,zip,1790586659.535249,200,8848.84791704826,8849.331957986578,2885,946ab963-ac7b-4d03-a75c-341a03d30f38,,2026/09/28/rlwa-web-zip[4]c44b9e9c4341492195061dbe27ab4f9a,True,1027.2,8260.0,512.0,238.0,7232.74,,,299.0,291.0,6442.0,6483.0,,,True,,
mem512-r2,512,baseline,WEB_ZIP,rlwa-web-zip,web,zip,1790586659.535338,200,8833.313416922465,8833.80337501876,2885,7471fbef-790b-43dd-9409-c1b11cda6675,,2026/09/28/rlwa-web-zip[4]51d6bd1b90564d94b0fca98f1f330239,True,1036.12,8246.0,512.0,238.0,7209.12,,,303.0,295.0,6389.0,6427.0,,,True,,
mem512-r2,512,baseline,WEB_ZIP,rlwa-web-zip,web,zip,1790586659.535477,200,8352.118874900043,8352.391832973808,2885,357b9415-8b84-44cf-bf2f-8641a798df6e,,2026/09/28/rlwa-web-zip[4]c97138e3588146b7be81028a2ddbf58c,True,1028.01,7799.0,512.0,238.0,6770.35,,,248.0,250.0,6061.0,6096.0,,,True,,
mem512-r2,512,baseline,WEB_ZIP,rlwa-web-zip,web,zip,1790586659.5353951,200,9223.36050006561,9223.734915954992,2885,a5768205-f245-45fe-bb48-68d18ec499bd,,2026/09/28/rlwa-web-zip[4]2ce6f4a5ace34a238277bec436b27525,True,1065.52,8530.0,512.0,241.0,7463.73,,,313.0,293.0,6593.0,6628.0,,,True,,
mem512-r2,512,baseline,WEB_ZIP,rlwa-web-zip,web,zip,1790586659.5346859,200,8281.769833061844,8281.987541122362,2885,67000069-dea6-411f-82f5-742c2051b3e4,,2026/09/28/rlwa-web-zip[4]513b38831d844ef9bdbd3bf1fbc40028,True,1123.78,7759.0,512.0,240.0,6634.61,,,249.0,293.0,5990.0,6019.0,,,True,,
mem512-r2,512,baseline,API_ZIP,rlwa-api-zip,api,zip,1790586679.328706,200,7618.669874966145,7619.097917107865,493,51c5939e-976b-4cc4-a00a-4db59a936f66,,2026/09/28/rlwa-api-zip[4]8215acddba114200b743f7f72eff93a6,True,687.53,7067.0,512.0,237.0,6378.85,,,251.0,264.0,5657.0,5690.0,,,True,,
mem512-r2,512,baseline,API_ZIP,rlwa-api-zip,api,zip,1790586679.328785,200,8470.299000153318,8470.711458008736,493,618c82db-655e-48bf-9d51-6edbc8439983,,2026/09/28/rlwa-api-zip[4]fc4467d989f14db4aacf79cedc8f89bd,True,700.78,7907.0,512.0,237.0,7206.14,,,289.0,319.0,6291.0,6331.0,,,True,,
mem512-r2,512,baseline,API_ZIP,rlwa-api-zip,api,zip,1790586679.328862,200,7832.782333949581,7833.208833821118,493,d4814057-4658-4e5e-a986-15cab317fcde,,2026/09/28/rlwa-api-zip[4]39bb5ba2904b499d847d1f2e5d7875d7,True,690.79,7240.0,512.0,239.0,6548.6,,,277.0,252.0,5818.0,5855.0,,,True,,
mem512-r2,512,baseline,API_ZIP,rlwa-api-zip,api,zip,1790586679.328938,200,7499.634708976373,7500.6293340120465,493,0035d782-f260-4e37-b3fe-04e142b52d96,,2026/09/28/rlwa-api-zip[4]a7bdc722ffa0489595819ed6b21f448e,True,699.02,6879.0,512.0,239.0,6179.66,,,256.0,291.0,5546.0,5571.0,,,True,,
mem512-r2,512,baseline,API_ZIP,rlwa-api-zip,api,zip,1790586679.3292632,200,8310.480542015284,8310.8552088961,493,464b0532-a979-4ccc-b64f-3573dd659e1e,,2026/09/28/rlwa-api-zip[4]2cca89b32d4d45afbdc163d9048f0b61,True,696.27,7757.0,512.0,237.0,7060.4,,,309.0,318.0,6254.0,6291.0,,,True,,
mem512-r2,512,baseline,API_ZIP,rlwa-api-zip,api,zip,1790586679.328987,200,8217.634083004668,8218.299082946032,493,0469fe15-a517-4904-bf5a-a5c1a84045b6,,2026/09/28/rlwa-api-zip[4]775286c3420644ae83f51edcaef88a07,True,678.17,7584.0,512.0,237.0,6905.31,,,294.0,315.0,6139.0,6170.0,,,True,,
mem512-r2,512,baseline,API_ZIP,rlwa-api-zip,api,zip,1790586679.3290482,200,7499.858999857679,7500.368374865502,493,d4714b9e-fd65-4b80-9049-f58b76e9a8bd,,2026/09/28/rlwa-api-zip[4]0e9cf63490e741b5a5504e84e0a7f5af,True,690.34,6967.0,512.0,237.0,6276.11,,,267.0,283.0,5662.0,5695.0,,,True,,
mem512-r2,512,baseline,API_ZIP,rlwa-api-zip,api,zip,1790586679.3291311,200,8530.704082921147,8531.223958125338,493,03452d54-bf43-412b-9056-4ba269f5d530,,2026/09/28/rlwa-api-zip[4]da4ba7fe8308455da169a21f8d73ebf4,True,721.2,7963.0,512.0,239.0,7241.18,,,300.0,310.0,6360.0,6402.0,,,True,,
mem512-r2,512,baseline,API_ZIP,rlwa-api-zip,api,zip,1790586679.329194,200,8238.060874864459,8238.504374865443,493,cacb147e-a285-4f93-a4fc-123faf7c2d74,,2026/09/28/rlwa-api-zip[4]225e813d000c4db8a25f7f968dfd30f2,True,696.28,7675.0,512.0,240.0,6978.71,,,293.0,307.0,6215.0,6243.0,,,True,,
mem512-r2,512,baseline,API_ZIP,rlwa-api-zip,api,zip,1790586679.328489,200,8218.738875119016,8219.215292017907,493,86321857-8e7a-4932-b39f-24f01348e9ec,,2026/09/28/rlwa-api-zip[4]98a20d913c414a14ae119d993e89b374,True,716.46,7642.0,512.0,237.0,6925.4,,,297.0,325.0,6168.0,6200.0,,,True,,
mem1024-r1,1024,baseline,WEB_CONTAINER,rlwa-web-container,web,container,1790586799.320093,200,3031.985124805942,3032.7573330141604,2885,c7f1f0b1-9b8d-4dcb-bbec-629db08d8f17,,2026/09/28/rlwa-web-container[5]d59d24db8ac64bbf85330e728700f95e,True,335.73,2723.0,1024.0,211.0,2387.24,,,78.0,133.0,1844.0,1865.0,,,True,,
mem1024-r1,1024,baseline,WEB_CONTAINER,rlwa-web-container,web,container,1790586799.320004,200,2918.823332991451,2919.631832977757,2885,063a357a-dc94-45d5-83f3-45d0be3ae234,,2026/09/28/rlwa-web-container[5]8d9db072099c4d0c9b315d854e67725c,True,344.76,2633.0,1024.0,208.0,2287.24,,,75.0,135.0,1685.0,1709.0,,,True,,
mem1024-r1,1024,baseline,WEB_CONTAINER,rlwa-web-container,web,container,1790586799.3201542,200,2929.3576669879258,2929.9565001856536,2885,ecb587bd-cf90-452c-b299-0982ed4fab92,,2026/09/28/rlwa-web-container[5]0a76ef7e96ae404eab764d847444b49e,True,348.09,2657.0,1024.0,211.0,2308.47,,,70.0,127.0,1749.0,1774.0,,,True,,
mem1024-r1,1024,baseline,WEB_CONTAINER,rlwa-web-container,web,container,1790586799.3202,200,3514.776000054553,3515.410458901897,2885,d146d2ef-76b3-4796-862d-839e3a35a2d3,,2026/09/28/rlwa-web-container[5]b01fcae6411f4f4eba03b9cf6058d6f3,True,362.8,3233.0,1024.0,210.0,2869.57,,,82.0,150.0,2167.0,2199.0,,,True,,
mem1024-r1,1024,baseline,WEB_CONTAINER,rlwa-web-container,web,container,1790586799.32029,200,3767.408792162314,3767.654584022239,2885,18aa8bb0-f950-4ecb-953d-117c37d1ecf9,,2026/09/28/rlwa-web-container[5]b18aeb4947dd45bf8a592e24691fc1ce,True,368.24,3437.0,1024.0,208.0,3068.62,,,102.0,177.0,2367.0,2399.0,,,True,,
mem1024-r1,1024,baseline,WEB_CONTAINER,rlwa-web-container,web,container,1790586799.320361,200,2942.586624994874,2944.088333984837,2885,3add76ac-f265-4986-9033-6634cc43a6ef,,2026/09/28/rlwa-web-container[5]1cb9dff398234ea8998f44ec978d23b7,True,350.31,2697.0,1024.0,212.0,2346.62,,,80.0,125.0,1789.0,1814.0,,,True,,
mem1024-r1,1024,baseline,WEB_CONTAINER,rlwa-web-container,web,container,1790586799.320253,200,3107.761416118592,3108.776541193947,2885,f12f9d5b-d558-414b-bec3-e190f6e3e940,,2026/09/28/rlwa-web-container[5]4f4a3877fb62473b8320c9027ed3646e,True,352.53,2796.0,1024.0,211.0,2443.07,,,71.0,141.0,1858.0,1884.0,,,True,,
mem1024-r1,1024,baseline,WEB_CONTAINER,rlwa-web-container,web,container,1790586799.320396,200,3920.5320419277996,3921.2751251179725,2885,f75957b5-6476-41df-9d8b-7ba711ec5b00,,2026/09/28/rlwa-web-container[5]fd26a75b89b8495dbd1f3c74e9c12650,True,404.45,3608.0,1024.0,210.0,3202.96,,,109.0,175.0,2460.0,2486.0,,,True,,
mem1024-r1,1024,baseline,WEB_CONTAINER,rlwa-web-container,web,container,1790586799.3203242,200,3732.2694999165833,3732.6275419909507,2885,9a925c0a-8b75-43b8-8713-1112f44b1a7e,,2026/09/28/rlwa-web-container[5]e22ae1bdbee145e581b0bd969c92244e,True,388.77,3444.0,1024.0,210.0,3055.18,,,60.0,148.0,2296.0,2326.0,,,True,,
mem1024-r1,1024,baseline,WEB_CONTAINER,rlwa-web-container,web,container,1790586799.3198311,200,3063.962833955884,3067.0398748479784,2885,1cbb6d61-f7d7-4260-8d0c-bbbb1a2227ca,,2026/09/28/rlwa-web-container[5]f3569ec0960946d19192eb22376909b8,True,355.49,2806.0,1024.0,213.0,2449.55,,,80.0,145.0,1848.0,1866.0,,,True,,
mem1024-r1,1024,baseline,API_CONTAINER,rlwa-api-container,api,container,1790586813.816127,200,2870.5222909338772,2871.3836250826716,493,acbf5f51-0230-4374-b6fd-7570863da27c,,2026/09/28/rlwa-api-container[5]88480074e11c42c78c1813ac9265e945,True,258.73,2567.0,1024.0,208.0,2308.27,,,52.0,91.0,1763.0,1778.0,,,True,,
mem1024-r1,1024,baseline,API_CONTAINER,rlwa-api-container,api,container,1790586813.8163788,200,2549.135582987219,2550.0083330553025,493,11fe00f4-a478-4bdd-812e-8f034c59d4df,,2026/09/28/rlwa-api-container[5]0be397431ebc4eaa8131c00d29858dcf,True,225.54,2176.0,1024.0,208.0,1949.54,,,44.0,88.0,1493.0,1505.0,,,True,,
mem1024-r1,1024,baseline,API_CONTAINER,rlwa-api-container,api,container,1790586813.816212,200,3385.023250011727,3385.1994581054896,493,db2ff2d9-e0db-469a-8bf7-cf7623aa2db0,,2026/09/28/rlwa-api-container[5]e1a5a4c984df4786a3c79c1ef90e5a17,True,267.36,3137.0,1024.0,210.0,2869.2,,,94.0,118.0,2209.0,2226.0,,,True,,
mem1024-r1,1024,baseline,API_CONTAINER,rlwa-api-container,api,container,1790586813.8163,200,3116.704332875088,3116.85908283107,493,fafd52a8-bf93-4a30-89d6-8e42ab590117,,2026/09/28/rlwa-api-container[5]d24080e1136e4db9b0424b3972c72f5a,True,270.95,2844.0,1024.0,210.0,2572.72,,,62.0,106.0,1911.0,1924.0,,,True,,
mem1024-r1,1024,baseline,API_CONTAINER,rlwa-api-container,api,container,1790586813.816442,200,3412.4270000029355,3412.8531250171363,493,203dd81a-1faa-40b7-9e9a-35c81cfc4c0c,,2026/09/28/rlwa-api-container[5]6ad0b1b300bd40cba9bf2c8ff41c185f,True,265.91,3129.0,1024.0,207.0,2862.45,,,86.0,104.0,2190.0,2206.0,,,True,,
mem1024-r1,1024,baseline,API_CONTAINER,rlwa-api-container,api,container,1790586813.8167639,200,3494.304042076692,3494.5783340372145,493,6e8fb15b-0e98-4987-ae53-f3ac414cc79c,,2026/09/28/rlwa-api-container[5]f198ffce5c3942b6a09bed43530901c0,True,272.0,3214.0,1024.0,208.0,2941.49,,,65.0,114.0,2244.0,2261.0,,,True,,
mem1024-r1,1024,baseline,API_CONTAINER,rlwa-api-container,api,container,1790586813.816639,200,2950.0926670152694,2950.248209061101,493,7f4e2287-5166-4db2-8db8-45c126cdce51,,2026/09/28/rlwa-api-container[5]2aff3b2271e24e42ba6543194a8f0e86,True,243.29,2655.0,1024.0,208.0,2411.36,,,58.0,99.0,1803.0,1824.0,,,True,,
mem1024-r1,1024,baseline,API_CONTAINER,rlwa-api-container,api,container,1790586813.8165681,200,2803.0712911859155,2803.34045807831,493,a6262752-36b0-484e-8821-dd51cd6eb54b,,2026/09/28/rlwa-api-container[5]e7d3314bb5cd4d93ac9af51bab256453,True,239.44,2518.0,1024.0,205.0,2278.54,,,64.0,92.0,1732.0,1746.0,,,True,,
mem1024-r1,1024,baseline,API_CONTAINER,rlwa-api-container,api,container,1790586813.816818,200,3099.4352919515222,3099.644666770473,493,8c46033e-4b5e-4f1d-a360-b2add9731054,,2026/09/28/rlwa-api-container[5]37cbc3b4fa324095af2afe5a30efc9d7,True,259.88,2787.0,1024.0,208.0,2527.05,,,60.0,97.0,1903.0,1927.0,,,True,,
mem1024-r1,1024,baseline,API_CONTAINER,rlwa-api-container,api,container,1790586813.815895,200,2920.691292034462,2920.8670421503484,493,9abf3f2d-b21c-40eb-8673-dd0831d6f50e,,2026/09/28/rlwa-api-container[5]43cbc79a997945a0935539afb9cdca2f,True,244.88,2622.0,1024.0,208.0,2376.34,,,53.0,99.0,1808.0,1821.0,,,True,,
mem1024-r1,1024,baseline,WEB_SNAPSTART,rlwa-web-snapstart,web,snapstart,1790586828.0311182,200,1182.6130407862365,1182.8578328713775,2885,e7c4e53c-f9a7-4d2c-a2b8-3f44d77508fc,,2026/09/28/rlwa-web-snapstart[5]6c87cc7fad619b2ba5a7034cb068d270,True,514.02,536.0,1024.0,212.0,,473.11,21.0,,,,,0.0,,True,,
mem1024-r1,1024,baseline,WEB_SNAPSTART,rlwa-web-snapstart,web,snapstart,1790586828.031532,200,1206.3067918643355,1206.6361668985337,2885,691a9fc4-a5b2-409b-9fc5-fda729d6205d,,2026/09/28/rlwa-web-snapstart[5]12d06177f909913761a9b2df8066014e,True,516.65,540.0,1024.0,213.0,,529.82,23.0,,,,,0.0,,True,,
mem1024-r1,1024,baseline,WEB_SNAPSTART,rlwa-web-snapstart,web,snapstart,1790586828.031211,200,1211.7617090698332,1211.992499884218,2885,1f0042a9-a328-4ec8-97a8-7aa744d3ce6b,,2026/09/28/rlwa-web-snapstart[5]257486dd0d614db9b5e47f187505af55,True,505.69,527.0,1024.0,212.0,,491.52,21.0,,,,,0.0,,True,,
mem1024-r1,1024,baseline,WEB_SNAPSTART,rlwa-web-snapstart,web,snapstart,1790586828.0313249,200,1224.4382919743657,1224.6412918902934,2885,95f21c54-15d2-46f5-ac62-7c6b38f778c6,,2026/09/28/rlwa-web-snapstart[5]15aa1f21c4bce4b9466ada37f98449d3,True,535.78,560.0,1024.0,213.0,,508.34,24.0,,,,,0.0,,True,,
mem1024-r1,1024,baseline,WEB_SNAPSTART,rlwa-web-snapstart,web,snapstart,1790586828.0313978,200,1142.3316251020879,1142.6614171359688,2885,7bddadfc-803a-4a03-88a3-19f97941176f,,2026/09/28/rlwa-web-snapstart[5]d06b8af65b389c5af88a6ba6805582bf,True,413.36,436.0,1024.0,213.0,,542.83,22.0,,,,,0.0,,True,,
mem1024-r1,1024,baseline,WEB_SNAPSTART,rlwa-web-snapstart,web,snapstart,1790586828.0314538,200,1135.9309579711407,1136.2502910196781,2885,56f0ecb6-7a31-4502-bf69-d0e0c310a7ba,,2026/09/28/rlwa-web-snapstart[5]7d68c2995983402edb9da8628ac11d59,True,491.31,510.0,1024.0,212.0,,461.19,18.0,,,,,0.0,,True,,
mem1024-r1,1024,baseline,WEB_SNAPSTART,rlwa-web-snapstart,web,snapstart,1790586828.031626,200,1127.945916960016,1128.3957089763135,2885,a4c3921d-bdeb-4e54-bbf5-847272ca2185,,2026/09/28/rlwa-web-snapstart[5]11cb0cb73eebdddfacac20f273221b88,True,509.37,529.0,1024.0,212.0,,425.41,19.0,,,,,0.0,,True,,
mem1024-r1,1024,baseline,WEB_SNAPSTART,rlwa-web-snapstart,web,snapstart,1790586828.031706,200,1279.0150418877602,1279.9860839731991,2885,eaa896c4-05dd-49a1-8ba9-8f113761a5db,,2026/09/28/rlwa-web-snapstart[5]3f26c59d8d92bd5788722abc479f893a,True,505.17,533.0,1024.0,214.0,,565.33,27.0,,,,,0.0,,True,,
mem1024-r1,1024,baseline,WEB_SNAPSTART,rlwa-web-snapstart,web,snapstart,1790586828.031581,200,1323.5272080637515,1323.847624938935,2885,e3461948-3863-4e92-8800-a7851a950e34,,2026/09/28/rlwa-web-snapstart[5]363b308b94e0988cfad6050d6cd31928,True,544.52,633.0,1024.0,213.0,,654.21,88.0,,,,,0.0,,True,,
mem1024-r1,1024,baseline,WEB_SNAPSTART,rlwa-web-snapstart,web,snapstart,1790586828.030928,200,1223.0160001199692,1223.340458003804,2885,fa772502-96f3-4dc3-ad3c-68edc62b1bde,,2026/09/28/rlwa-web-snapstart[5]f318572d2a2c8d85a1e951a0915d41a7,True,457.07,478.0,1024.0,212.0,,574.43,20.0,,,,,0.0,,True,,
mem1024-r1,1024,baseline,API_SNAPSTART,rlwa-api-snapstart,api,snapstart,1790586839.7293482,200,964.3522079568356,964.6722909528762,493,b271b39e-d172-40d7-8ddc-871f432b270c,,2026/09/28/rlwa-api-snapstart[5]ca94d79710e847742171d7da611cf297,True,309.35,329.0,1024.0,208.0,,429.28,19.0,,,,,0.0,,True,,
mem1024-r1,1024,baseline,API_SNAPSTART,rlwa-api-snapstart,api,snapstart,1790586839.7294312,200,1055.1426250021905,1055.5024158675224,493,7d5efba8-1698-4fc5-abcc-48e000c7a4ef,,2026/09/28/rlwa-api-snapstart[5]536f5cf22ced66ba4a8a11b01930b85b,True,356.06,378.0,1024.0,208.0,,472.96,21.0,,,,,0.0,,True,,
mem1024-r1,1024,baseline,API_SNAPSTART,rlwa-api-snapstart,api,snapstart,1790586839.7296278,200,1005.7811671867967,1006.2143341638148,493,137ecda3-b018-4f63-ac47-665e188c944b,,2026/09/28/rlwa-api-snapstart[5]a63d1ef4a910e57242d17b31a3d2e97a,True,322.38,344.0,1024.0,208.0,,455.56,21.0,,,,,0.0,,True,,
mem1024-r1,1024,baseline,API_SNAPSTART,rlwa-api-snapstart,api,snapstart,1790586839.729509,200,971.6924580279738,971.9875829759985,493,6dbc2c4d-9ab4-4f3d-b682-9ab326e2df5c,,2026/09/28/rlwa-api-snapstart[5]dfd84e9ce0e421bb722153ca02de0cca,True,308.36,328.0,1024.0,208.0,,374.02,19.0,,,,,0.0,,True,,
mem1024-r1,1024,baseline,API_SNAPSTART,rlwa-api-snapstart,api,snapstart,1790586839.729574,200,1041.1756250541657,1042.14720800519,493,746dc6a9-2c4f-4749-a71e-b49b85a81bd5,,2026/09/28/rlwa-api-snapstart[5]e003f0f6d7454c961b9e66ec3997a52b,True,301.05,324.0,1024.0,206.0,,525.18,22.0,,,,,0.0,,True,,
mem1024-r1,1024,baseline,API_SNAPSTART,rlwa-api-snapstart,api,snapstart,1790586839.7297149,200,945.8737918175757,946.3321669027209,493,7833f66d-1242-4816-9b5e-e76592e5d841,,2026/09/28/rlwa-api-snapstart[5]dc75671b43209436f9d9cdd04c44077d,True,295.41,314.0,1024.0,208.0,,426.37,18.0,,,,,0.0,,True,,
mem1024-r1,1024,baseline,API_SNAPSTART,rlwa-api-snapstart,api,snapstart,1790586839.729826,200,1006.269457982853,1006.5494170412421,493,238fa010-25a4-4529-8ee9-05b11c23619f,,2026/09/28/rlwa-api-snapstart[5]22ac62e62a2856e73c4354cd8868dbf2,True,313.84,332.0,1024.0,208.0,,459.46,18.0,,,,,0.0,,True,,
mem1024-r1,1024,baseline,API_SNAPSTART,rlwa-api-snapstart,api,snapstart,1790586839.729882,200,992.1675419900566,992.4332920927554,493,fd391dfa-a1a5-4caa-b224-46c078ea34bc,,2026/09/28/rlwa-api-snapstart[5]5016deda985a6227bbd1d8dd41135d66,True,329.9,348.0,1024.0,207.0,,421.42,18.0,,,,,0.0,,True,,
mem1024-r1,1024,baseline,API_SNAPSTART,rlwa-api-snapstart,api,snapstart,1790586839.729932,200,916.834875009954,917.2779580112547,493,09dd5f4d-3b60-4d1d-925e-68c7b20d910e,,2026/09/28/rlwa-api-snapstart[5]2d8db99a264b9540a91baef07fb2c7d2,True,299.72,318.0,1024.0,208.0,,392.62,18.0,,,,,0.0,,True,,
mem1024-r1,1024,baseline,API_SNAPSTART,rlwa-api-snapstart,api,snapstart,1790586839.7291698,200,982.9366670455784,983.159292023629,493,5e2df837-8433-4fed-9785-b56f50bf4d2c,,2026/09/28/rlwa-api-snapstart[5]c6edffef1c103e3a3550662755598524,True,334.94,354.0,1024.0,208.0,,405.63,19.0,,,,,0.0,,True,,
mem1024-r1,1024,baseline,WEB_ZIP,rlwa-web-zip,web,zip,1790586855.4254038,200,7364.060875028372,7364.590750075877,2885,bacc6730-b81d-408a-90bc-c6aaab5eb672,,2026/09/28/rlwa-web-zip[5]20616ddc32bb4f51ae8eda803a1d8fd1,True,474.0,6868.0,1024.0,239.0,6393.11,,,241.0,259.0,5738.0,5774.0,,,True,,
mem1024-r1,1024,baseline,WEB_ZIP,rlwa-web-zip,web,zip,1790586855.425497,200,7051.286165835336,7051.730499835685,2885,3934f89e-af8f-4194-bead-179ccbbe66d1,,2026/09/28/rlwa-web-zip[5]b1ec05dbaac14ad493fb34007803e918,True,429.97,6537.0,1024.0,241.0,6106.26,,,228.0,231.0,5577.0,5604.0,,,True,,
mem1024-r1,1024,baseline,WEB_ZIP,rlwa-web-zip,web,zip,1790586855.425693,200,7554.483250016347,7554.878750117496,2885,676c2ef1-a0c7-4021-b0ab-0cc2b0de1ac5,,2026/09/28/rlwa-web-zip[5]cc91a7f26e9b41c2aa16c3d4606e8cd7,True,508.55,7028.0,1024.0,241.0,6519.12,,,266.0,300.0,5872.0,5910.0,,,True,,
mem1024-r1,1024,baseline,WEB_ZIP,rlwa-web-zip,web,zip,1790586855.425579,200,7233.817000174895,7234.486708184704,2885,a768829c-e192-4c1d-b277-2809299c368f,,2026/09/28/rlwa-web-zip[5]33afe046e00749249911bdf18242c4da,True,470.69,6697.0,1024.0,239.0,6225.84,,,236.0,274.0,5649.0,5686.0,,,True,,
mem1024-r1,1024,baseline,WEB_ZIP,rlwa-web-zip,web,zip,1790586855.4257972,200,8361.273749964312,8361.656334018335,2885,5fad5a79-cc5d-4c37-a7dd-d321f0e735e4,,2026/09/28/rlwa-web-zip[5]01df0aa40669482ba2f34e1f090babaa,True,526.54,7800.0,1024.0,238.0,7272.82,,,300.0,292.0,6454.0,6490.0,,,True,,
mem1024-r1,1024,baseline,WEB_ZIP,rlwa-web-zip,web,zip,1790586855.4257421,200,7799.664542078972,7800.107625080273,2885,5707761b-13a0-4e65-9deb-51e67f20cd4c,,2026/09/28/rlwa-web-zip[5]d12ab82251e54fabb54f031097fa983d,True,520.07,7276.0,1024.0,239.0,6755.39,,,254.0,279.0,6032.0,6065.0,,,True,,
mem1024-r1,1024,baseline,WEB_ZIP,rlwa-web-zip,web,zip,1790586855.4260108,200,7439.322416903451,7439.69229189679,2885,43e8dacb-3297-4ee3-a179-41e335c9277b,,2026/09/28/rlwa-web-zip[5]aac86becdd314803bfe1f8cf2e23e2c2,True,479.56,6926.0,1024.0,239.0,6445.69,,,243.0,253.0,5800.0,5836.0,,,True,,
mem1024-r1,1024,baseline,WEB_ZIP,rlwa-web-zip,web,zip,1790586855.4258518,200,7663.802874973044,7664.030041079968,2885,6ece798d-3087-4f0e-a549-ae1ac73d6c20,,2026/09/28/rlwa-web-zip[5]20b7f081605943498f110484840a44e7,True,479.45,7160.0,1024.0,236.0,6679.56,,,247.0,240.0,5928.0,5963.0,,,True,,
mem1024-r1,1024,baseline,WEB_ZIP,rlwa-web-zip,web,zip,1790586855.4259672,200,8231.107957893983,8231.377332936972,2885,efe683f5-fed1-41c1-abb3-119df19c1cc5,,2026/09/28/rlwa-web-zip[5]7eefee45f7944056b2f6048018520f49,True,514.06,7679.0,1024.0,242.0,7164.02,,,292.0,290.0,6404.0,6444.0,,,True,,
mem1024-r1,1024,baseline,WEB_ZIP,rlwa-web-zip,web,zip,1790586855.424989,200,7716.030874988064,7716.324958018959,2885,30436415-9096-4c0c-8c30-0db633bf7135,,2026/09/28/rlwa-web-zip[5]78260fc026d24872aa894ea0359863d4,True,496.61,7198.0,1024.0,243.0,6700.82,,,264.0,287.0,5950.0,5984.0,,,True,,
mem1024-r1,1024,baseline,API_ZIP,rlwa-api-zip,api,zip,1790586874.3086982,200,7244.663666933775,7245.000708848238,493,bc8ac1cc-8f98-4fe3-ba06-d2f43622c6ef,,2026/09/28/rlwa-api-zip[5]f11f3f14fc704f999a91a61c55feb9d0,True,330.8,6775.0,1024.0,237.0,6443.87,,,256.0,271.0,5637.0,5666.0,,,True,,
mem1024-r1,1024,baseline,API_ZIP,rlwa-api-zip,api,zip,1790586874.30879,200,8208.02045892924,8209.04679200612,493,2dc79949-228f-4a0b-acc1-73742738c3c0,,2026/09/28/rlwa-api-zip[5]43f907a77b664006b366455db79dcd7e,True,361.38,7609.0,1024.0,240.0,7246.91,,,313.0,332.0,6361.0,6399.0,,,True,,
mem1024-r1,1024,baseline,API_ZIP,rlwa-api-zip,api,zip,1790586874.3088582,200,6978.366166120395,6978.733374970034,493,eab9b6f4-fea6-4753-aa9a-7c2258c6ce60,,2026/09/28/rlwa-api-zip[5]5789ed62209141ea868eb47fb1a386f1,True,337.17,6459.0,1024.0,237.0,6121.17,,,240.0,264.0,5488.0,5523.0,,,True,,
mem1024-r1,1024,baseline,API_ZIP,rlwa-api-zip,api,zip,1790586874.308931,200,7289.018000010401,7289.239916950464,493,9fd79396-e51b-472f-9602-e2df2f8f94de,,2026/09/28/rlwa-api-zip[5]4d189a75820e46efad130f1601e89486,True,364.01,6705.0,1024.0,235.0,6340.81,,,258.0,273.0,5635.0,5669.0,,,True,,
mem1024-r1,1024,baseline,API_ZIP,rlwa-api-zip,api,zip,1790586874.3090508,200,7693.341874983162,7693.882958032191,493,4ca95b99-ff26-48c2-8830-bdcb16364e11,,2026/09/28/rlwa-api-zip[5]c1413bc169cb42a4876e15050dd4cf36,True,348.39,7189.0,1024.0,238.0,6839.96,,,295.0,305.0,6076.0,6113.0,,,True,,
mem1024-r1,1024,baseline,API_ZIP,rlwa-api-zip,api,zip,1790586874.30898,200,8208.225999958813,8208.938624942675,493,7d03fc8a-0be3-4eab-bd1d-0e8749fe5d55,,2026/09/28/rlwa-api-zip[5]62be3917e57747b280247f43fc9f09a6,True,353.82,7608.0,1024.0,237.0,7253.63,,,322.0,313.0,6362.0,6389.0,,,True,,
mem1024-r1,1024,baseline,API_ZIP,rlwa-api-zip,api,zip,1790586874.3091671,200,7852.510833879933,7852.884249994531,493,64f306fd-206f-405e-9491-aae5d65c36e3,,2026/09/28/rlwa-api-zip[5]13e3ba752da6419481274cfddc228de2,True,355.59,7340.0,1024.0,237.0,6983.44,,,299.0,333.0,6199.0,6230.0,,,True,,
mem1024-r1,1024,baseline,API_ZIP,rlwa-api-zip,api,zip,1790586874.309216,200,7184.8156249616295,7185.549916932359,493,a46aebe6-2930-4d3e-9587-221d18e15164,,2026/09/28/rlwa-api-zip[5]d8e3671e501c43be8dd65dd14492963d,True,330.15,6702.0,1024.0,238.0,6371.55,,,252.0,280.0,5656.0,5684.0,,,True,,
mem1024-r1,1024,baseline,API_ZIP,rlwa-api-zip,api,zip,1790586874.309269,200,7217.521290993318,7217.866082908586,493,eafa71d3-7c42-45ce-92d9-416fb5fcff73,,2026/09/28/rlwa-api-zip[5]1f61ef1d588f491b9610e9b6ad72ec96,True,346.79,6732.0,1024.0,238.0,6384.62,,,257.0,279.0,5650.0,5679.0,,,True,,
mem1024-r1,1024,baseline,API_ZIP,rlwa-api-zip,api,zip,1790586874.308511,200,7185.847041895613,7186.371749965474,493,0aa2bde4-116f-448c-9780-3f390df0106a,,2026/09/28/rlwa-api-zip[5]2daeb5938cab402b87a4b4b3e79ed4fe,True,348.27,6602.0,1024.0,237.0,6253.64,,,255.0,282.0,5602.0,5627.0,,,True,,
mem1024-r2,1024,baseline,WEB_CONTAINER,rlwa-web-container,web,container,1790586990.171432,200,3751.5308749862015,3751.779500162229,2885,8715be1e-bf3c-44e4-b88a-5159529ad815,,2026/09/28/rlwa-web-container[6]15d8cc1a757e42c1a9258e5de5830fec,True,375.56,3447.0,1024.0,210.0,3071.08,,,98.0,130.0,2345.0,2370.0,,,True,,
mem1024-r2,1024,baseline,WEB_CONTAINER,rlwa-web-container,web,container,1790586990.171493,200,3576.4568340964615,3576.8033750355244,2885,191f19f6-d42b-4a1d-b8d9-4782878991a5,,2026/09/28/rlwa-web-container[6]6f7a1c98586a4794b8f308ea7e4c75c1,True,350.15,3262.0,1024.0,213.0,2911.54,,,109.0,160.0,2329.0,2347.0,,,True,,
mem1024-r2,1024,baseline,WEB_CONTAINER,rlwa-web-container,web,container,1790586990.1715462,200,3722.9487909935415,3723.3536660205573,2885,89e9622d-6a03-4b1a-bbd6-6d9f4f0733d3,,2026/09/28/rlwa-web-container[6]4fd33f346b0c4d7a9b126cfcc7cc122a,True,375.42,3412.0,1024.0,211.0,3035.94,,,100.0,163.0,2350.0,2375.0,,,True,,
mem1024-r2,1024,baseline,WEB_CONTAINER,rlwa-web-container,web,container,1790586990.171592,200,3700.282500125468,3700.677333166823,2885,e1016af6-8df3-427c-a428-259e5c168bfa,,2026/09/28/rlwa-web-container[6]174d332bae1641dc8a55b170e90c6bb0,True,377.57,3417.0,1024.0,212.0,3038.94,,,104.0,167.0,2324.0,2358.0,,,True,,
mem1024-r2,1024,baseline,WEB_CONTAINER,rlwa-web-container,web,container,1790586990.1716511,200,3892.0236250851303,3892.1873329672962,2885,90def192-f0f2-41a5-a324-a805cf117dd9,,2026/09/28/rlwa-web-container[6]6e8329056b45467dbed65ea3921f51ff,True,382.84,3536.0,1024.0,215.0,3152.54,,,95.0,163.0,2419.0,2447.0,,,True,,
mem1024-r2,1024,baseline,WEB_CONTAINER,rlwa-web-container,web,container,1790586990.171821,200,3838.2742919493467,3838.9369170181453,2885,81b9462b-3cdc-4630-aff6-c751f32e6341,,2026/09/28/rlwa-web-container[6]018763e8b9e14c7a8cf5ab4983ea2fcc,True,407.19,3518.0,1024.0,210.0,3110.36,,,66.0,142.0,2347.0,2377.0,,,True,,
mem1024-r2,1024,baseline,WEB_CONTAINER,rlwa-web-container,web,container,1790586990.1717062,200,3554.021207848564,3554.274749942124,2885,9d8d2cd2-4d26-4f65-ae52-8dd2f006e875,,2026/09/28/rlwa-web-container[6]73e64d370e9a4b5ba580d54d67d9bd97,True,381.9,3216.0,1024.0,211.0,2833.19,,,80.0,150.0,2157.0,2184.0,,,True,,
mem1024-r2,1024,baseline,WEB_CONTAINER,rlwa-web-container,web,container,1790586990.171746,200,3870.215417118743,3870.381875196472,2885,b9b1005d-907b-4ad3-aa2f-a1b8fadfbc9b,,2026/09/28/rlwa-web-container[6]0cc0370587794d9caebc9693222c42e5,True,378.51,3525.0,1024.0,212.0,3145.65,,,94.0,158.0,2369.0,2395.0,,,True,,
mem1024-r2,1024,baseline,WEB_CONTAINER,rlwa-web-container,web,container,1790586990.1717818,200,3085.8191661536694,3086.251041153446,2885,c63a8d69-24e5-4ed4-a7a9-1a114d0aa586,,2026/09/28/rlwa-web-container[6]a90d77918cc2482789418d4b37e5621d,True,360.03,2770.0,1024.0,212.0,2409.31,,,64.0,147.0,1831.0,1855.0,,,True,,
mem1024-r2,1024,baseline,WEB_CONTAINER,rlwa-web-container,web,container,1790586990.171252,200,2991.4887498598546,2991.887083975598,2885,34f7fa23-4133-43fe-a44a-4a69aa6ee208,,2026/09/28/rlwa-web-container[6]69df554e1bc5414fbaf9a62aa148ed4a,True,334.76,2699.0,1024.0,211.0,2364.14,,,72.0,134.0,1773.0,1798.0,,,True,,
mem1024-r2,1024,baseline,API_CONTAINER,rlwa-api-container,api,container,1790587004.7313201,200,3602.405375102535,3602.7660840190947,493,14988df6-1710-4310-a18e-6d6b6459e5c0,,2026/09/28/rlwa-api-container[6]8189ee00236f42e5b360d20f299f1f6e,True,279.1,3288.0,1024.0,210.0,3008.74,,,67.0,111.0,2302.0,2326.0,,,True,,
mem1024-r2,1024,baseline,API_CONTAINER,rlwa-api-container,api,container,1790587004.73139,200,2836.1514161806554,2836.634833132848,493,8cca077d-8875-461c-af3d-ad81929fed55,,2026/09/28/rlwa-api-container[6]9a6d2a423a4c435d9fd6a68e818c14a0,True,243.74,2562.0,1024.0,208.0,2317.38,,,54.0,99.0,1736.0,1759.0,,,True,,
mem1024-r2,1024,baseline,API_CONTAINER,rlwa-api-container,api,container,1790587004.731841,200,2974.7511248569936,2975.1075839158148,493,10964af9-7e30-4b1d-a8e7-98c304067913,,2026/09/28/rlwa-api-container[6]7e5eef171c8a420e97e1b6707c211927,True,257.17,2633.0,1024.0,205.0,2375.06,,,69.0,108.0,1817.0,1832.0,,,True,,
mem1024-r2,1024,baseline,API_CONTAINER,rlwa-api-container,api,container,1790587004.731468,200,2957.0017501246184,2957.470291061327,493,7a784be7-373d-4f1b-8d96-85a10df3f271,,2026/09/28/rlwa-api-container[6]54cb8bc98c484482972dc18d7a708a2c,True,256.96,2699.0,1024.0,208.0,2441.6,,,59.0,102.0,1820.0,1836.0,,,True,,
mem1024-r2,1024,baseline,API_CONTAINER,rlwa-api-container,api,container,1790587004.731568,200,3534.8291660193354,3535.8453749213368,493,9fe4b74c-fdd3-47b6-9942-0adb85648364,,2026/09/28/rlwa-api-container[6]becc07ad7e774b499f9ac38de1dbb410,True,262.29,3218.0,1024.0,209.0,2954.94,,,66.0,103.0,2239.0,2264.0,,,True,,
mem1024-r2,1024,baseline,API_CONTAINER,rlwa-api-container,api,container,1790587004.731622,200,3534.202750073746,3535.2928331121802,493,0079a9c7-e6cd-4b1a-8a42-b1aeb549555b,,2026/09/28/rlwa-api-container[6]548dd3fce08046c49e3a4613ac590d6f,True,251.01,3192.0,1024.0,208.0,2940.58,,,67.0,115.0,2242.0,2258.0,,,True,,
mem1024-r2,1024,baseline,API_CONTAINER,rlwa-api-container,api,container,1790587004.731792,200,3535.0727080367506,3536.0006249975413,493,bd138b05-bf07-4f39-947a-1f741ce7728f,,2026/09/28/rlwa-api-container[6]fe445f7e3c4948cc94afcbedb02912c6,True,289.5,3199.0,1024.0,209.0,2909.08,,,67.0,103.0,2231.0,2255.0,,,True,,
mem1024-r2,1024,baseline,API_CONTAINER,rlwa-api-container,api,container,1790587004.7317271,200,3535.5029171332717,3535.9509580302984,493,5d7f3ea4-cac7-4c2f-b908-ccd4b1645a58,,2026/09/28/rlwa-api-container[6]f56d091e543d4ed784edc927859e66c9,True,288.4,3219.0,1024.0,208.0,2930.14,,,86.0,114.0,2241.0,2259.0,,,True,,
mem1024-r2,1024,baseline,API_CONTAINER,rlwa-api-container,api,container,1790587004.731885,200,2920.9882081486285,2921.3188751600683,493,6e39b5d4-a15f-41f2-b6aa-46a071fb4566,,2026/09/28/rlwa-api-container[6]b1712694b5f24b868ccb4c2cba66128b,True,242.08,2650.0,1024.0,208.0,2407.38,,,48.0,100.0,1792.0,1808.0,,,True,,
mem1024-r2,1024,baseline,API_CONTAINER,rlwa-api-container,api,container,1790587004.731095,200,2663.6711249593645,2663.8542499858886,493,a675a4b6-d05d-4bb4-975d-20bc836c5059,,2026/09/28/rlwa-api-container[6]1026b2b47eea4357a6f4d6ac8bba73f4,True,235.79,2373.0,1024.0,205.0,2136.57,,,59.0,105.0,1621.0,1637.0,,,True,,
mem1024-r2,1024,baseline,WEB_SNAPSTART,rlwa-web-snapstart,web,snapstart,1790587019.883032,200,1133.499582996592,1133.8766659609973,2885,e8457245-996b-4b3e-9da6-ff6750dd22bb,,2026/09/28/rlwa-web-snapstart[6]fdde6c5a78a8b4056b69c07f78aa7759,True,430.42,557.0,1024.0,216.0,,508.2,126.0,,,,,0.0,,True,,
mem1024-r2,1024,baseline,WEB_SNAPSTART,rlwa-web-snapstart,web,snapstart,1790587019.8831291,200,1089.022957952693,1091.8552500661463,2885,f7cdb6b3-7fc2-429b-8f1d-45df555bb4e3,,2026/09/28/rlwa-web-snapstart[6]a88bb78909457c8c2cb517f186f9f99b,True,502.1,535.0,1024.0,216.0,,401.09,32.0,,,,,0.0,,True,,
mem1024-r2,1024,baseline,WEB_SNAPSTART,rlwa-web-snapstart,web,snapstart,1790587019.8832371,200,1082.8699581325054,1083.1057080067694,2885,a615af97-c39e-46ff-b8e4-551b31e82a21,,2026/09/28/rlwa-web-snapstart[6]1ec776db2b68552a98d150ac1d227617,True,478.51,499.0,1024.0,216.0,,410.38,20.0,,,,,0.0,,True,,
mem1024-r2,1024,baseline,WEB_SNAPSTART,rlwa-web-snapstart,web,snapstart,1790587019.883287,200,1314.3948330543935,1314.5468330476433,2885,2d48c477-42ee-441a-a065-90bead7cb506,,2026/09/28/rlwa-web-snapstart[6]be9b005247c2a64e4ddc147dc4dce2ef,True,581.32,607.0,1024.0,212.0,,565.2,25.0,,,,,0.0,,True,,
mem1024-r2,1024,baseline,WEB_SNAPSTART,rlwa-web-snapstart,web,snapstart,1790587019.883682,200,1156.8514169193804,1157.1634579449892,2885,f0727d0f-fa4d-41fb-9d5b-832f148b8f23,,2026/09/28/rlwa-web-snapstart[6]678c8bb02be0459f6ad8b7af3fde530d,True,451.05,471.0,1024.0,216.0,,434.79,19.0,,,,,0.0,,True,,
mem1024-r2,1024,baseline,WEB_SNAPSTART,rlwa-web-snapstart,web,snapstart,1790587019.8834062,200,1080.98770910874,1081.2928341329098,2885,af8a7d53-80fd-45a9-be80-6957965646dd,,2026/09/28/rlwa-web-snapstart[6]f3a7b5884aed3e18b98588fc490b92b4,True,418.87,439.0,1024.0,216.0,,321.47,20.0,,,,,0.0,,True,,
mem1024-r2,1024,baseline,WEB_SNAPSTART,rlwa-web-snapstart,web,snapstart,1790587019.883478,200,1080.0406248308718,1081.9669999182224,2885,70112a9c-b2e7-4ebb-aebe-72779e81d098,,2026/09/28/rlwa-web-snapstart[6]51c7cd671b364bf02e577d303938a57a,True,439.7,459.0,1024.0,216.0,,398.38,19.0,,,,,0.0,,True,,
mem1024-r2,1024,baseline,WEB_SNAPSTART,rlwa-web-snapstart,web,snapstart,1790587019.883625,200,1223.2856249902397,1223.6625840887427,2885,3fbf1459-a8f2-4260-b638-460589f43373,,2026/09/28/rlwa-web-snapstart[6]73d9cc57d60bd878dd1f323ee99eab74,True,563.27,589.0,1024.0,212.0,,492.33,25.0,,,,,0.0,,True,,
mem1024-r2,1024,baseline,WEB_SNAPSTART,rlwa-web-snapstart,web,snapstart,1790587019.883727,200,1082.0187909994274,1082.3951661586761,2885,1e06d72a-2263-45c7-b066-c38eaf594d66,,2026/09/28/rlwa-web-snapstart[6]5469d8052466e61afaff392ac5c11ffc,True,492.51,512.0,1024.0,216.0,,385.28,19.0,,,,,0.0,,True,,
mem1024-r2,1024,baseline,WEB_SNAPSTART,rlwa-web-snapstart,web,snapstart,1790587019.882614,200,1080.4553751368076,1083.303750026971,2885,0eab6800-9f80-4b6f-8cd8-08552fad9485,,2026/09/28/rlwa-web-snapstart[6]6bf9429e2b889e9aadab673a34bf8721,True,442.02,463.0,1024.0,216.0,,429.71,20.0,,,,,0.0,,True,,
mem1024-r2,1024,baseline,API_SNAPSTART,rlwa-api-snapstart,api,snapstart,1790587036.336875,200,1073.8529588561505,1074.184374883771,493,d6ef2042-b1de-4b52-949b-ec243a64d094,,2026/09/28/rlwa-api-snapstart[6]a778eac4533f87c39400f3c5202d9aab,True,334.31,358.0,1024.0,209.0,,579.44,23.0,,,,,0.0,,True,,
mem1024-r2,1024,baseline,API_SNAPSTART,rlwa-api-snapstart,api,snapstart,1790587036.3370519,200,980.9184579644352,981.290000025183,493,9b3dedd7-2e25-4afd-8c05-5cb58c3613a6,,2026/09/28/rlwa-api-snapstart[6]f8d61eec4e617ca111c026e24ff2534b,True,317.83,334.0,1024.0,212.0,,424.23,16.0,,,,,0.0,,True,,
mem1024-r2,1024,baseline,API_SNAPSTART,rlwa-api-snapstart,api,snapstart,1790587036.336962,200,1020.8654159214348,1021.2383328471333,493,ed554c43-5f71-470d-a452-9821543208fa,,2026/09/28/rlwa-api-snapstart[6]b0d1d0b2ab5d8eae15f1426ab60a23d7,True,332.62,355.0,1024.0,209.0,,522.96,22.0,,,,,0.0,,True,,
mem1024-r2,1024,baseline,API_SNAPSTART,rlwa-api-snapstart,api,snapstart,1790587036.337158,200,878.9967920165509,879.1936670895666,493,0206ea4c-750f-4ce2-9362-4784aeb0cf56,,2026/09/28/rlwa-api-snapstart[6]e2177e6e55cc93893a17e21e7c32b277,True,287.9,305.0,1024.0,212.0,,444.17,17.0,,,,,0.0,,True,,
mem1024-r2,1024,baseline,API_SNAPSTART,rlwa-api-snapstart,api,snapstart,1790587036.3372958,200,1103.2038328703493,1103.4216668922454,493,c8438a05-87ef-4b94-b9aa-fc2e74a94947,,2026/09/28/rlwa-api-snapstart[6]a938f30f13a67054e4ace3e6337fa91c,True,316.38,334.0,1024.0,212.0,,596.18,17.0,,,,,0.0,,True,,
mem1024-r2,1024,baseline,API_SNAPSTART,rlwa-api-snapstart,api,snapstart,1790587036.337365,200,1032.20474999398,1033.2748328801244,493,af456bc7-6dba-4f8e-ba34-c0e33f09b42c,,2026/09/28/rlwa-api-snapstart[6]bda886b340d4bc251ebfc90d51777d5c,True,324.42,345.0,1024.0,209.0,,545.06,20.0,,,,,0.0,,True,,
mem1024-r2,1024,baseline,API_SNAPSTART,rlwa-api-snapstart,api,snapstart,1790587036.3376331,200,877.4765830021352,877.8849169611931,493,3b755f60-b2cc-47a2-8d7a-eac38b115141,,2026/09/28/rlwa-api-snapstart[6]5ba20e96da7fc538f283926cca5e9998,True,295.03,313.0,1024.0,212.0,,406.53,17.0,,,,,0.0,,True,,
mem1024-r2,1024,baseline,API_SNAPSTART,rlwa-api-snapstart,api,snapstart,1790587036.3374221,200,1102.3263330571353,1102.730458136648,493,42b3a53a-6070-4211-be2d-3b5206172264,,2026/09/28/rlwa-api-snapstart[6]a8aaf4c582bc980d6143fffff8198bc6,True,291.06,309.0,1024.0,212.0,,645.8,17.0,,,,,0.0,,True,,
mem1024-r2,1024,baseline,API_SNAPSTART,rlwa-api-snapstart,api,snapstart,1790587036.3375082,200,981.1808329541236,981.5078331157565,493,36d84968-b477-484d-abaa-c0e69560195d,,2026/09/28/rlwa-api-snapstart[6]079b557327f37053103e60fcfd8ae631,True,354.91,371.0,1024.0,212.0,,450.39,16.0,,,,,0.0,,True,,
mem1024-r2,1024,baseline,API_SNAPSTART,rlwa-api-snapstart,api,snapstart,1790587036.336641,200,884.5950418617576,885.5819578748196,493,cd119dd8-e49a-42f9-8dd2-302b29ed0670,,2026/09/28/rlwa-api-snapstart[6]441a49c3128616adc599e79be0aec762,True,314.44,332.0,1024.0,212.0,,407.19,17.0,,,,,0.0,,True,,
mem1024-r2,1024,baseline,WEB_ZIP,rlwa-web-zip,web,zip,1790587052.776683,200,8346.089249942452,8346.49462508969,2885,c09efcf6-4641-426b-b05a-957012c3d842,,2026/09/28/rlwa-web-zip[6]a3759f4bb6da4bbc9da17faaecec1820,True,496.37,7823.0,1024.0,241.0,7326.49,,,296.0,313.0,6444.0,6481.0,,,True,,
mem1024-r2,1024,baseline,WEB_ZIP,rlwa-web-zip,web,zip,1790587052.776751,200,8098.464540904388,8098.735457984731,2885,7d3418e3-146f-470a-a455-1b3d46ccd58e,,2026/09/28/rlwa-web-zip[6]0dd67190fcbd46de9b81b27e90895245,True,503.81,7577.0,1024.0,240.0,7072.2,,,287.0,299.0,6302.0,6337.0,,,True,,
mem1024-r2,1024,baseline,WEB_ZIP,rlwa-web-zip,web,zip,1790587052.7768378,200,7575.014875037596,7577.659459086135,2885,5afe086e-1a7e-4806-81b9-b41c8634b0e0,,2026/09/28/rlwa-web-zip[6]9b59e3df1b874be29a733de9bf840de2,True,505.88,7120.0,1024.0,238.0,6614.11,,,241.0,255.0,5918.0,5948.0,,,True,,
mem1024-r2,1024,baseline,WEB_ZIP,rlwa-web-zip,web,zip,1790587052.776883,200,7713.93983415328,7714.203959098086,2885,2876c5d9-0eb5-456e-95df-31891848e0bc,,2026/09/28/rlwa-web-zip[6]f053414b25484ed0bfdae4d8c1e8c2dd,True,498.89,7279.0,1024.0,239.0,6779.9,,,251.0,297.0,6045.0,6074.0,,,True,,
mem1024-r2,1024,baseline,WEB_ZIP,rlwa-web-zip,web,zip,1790587052.77697,200,8238.050957908854,8238.222707994282,2885,16c260e5-22c5-41fc-8d65-5775e8707727,,2026/09/28/rlwa-web-zip[6]bfbf68345ba1473f94a9f95df10feaa8,True,499.87,7676.0,1024.0,242.0,7175.46,,,290.0,285.0,6335.0,6374.0,,,True,,
mem1024-r2,1024,baseline,WEB_ZIP,rlwa-web-zip,web,zip,1790587052.777077,200,7508.510959101841,7508.744584163651,2885,c418f507-e89c-4dc3-83ab-41a621508c7c,,2026/09/28/rlwa-web-zip[6]e4ec7d3857a7465eae4a57ec62ab56b0,True,514.47,7027.0,1024.0,239.0,6512.3,,,252.0,249.0,5832.0,5868.0,,,True,,
mem1024-r2,1024,baseline,WEB_ZIP,rlwa-web-zip,web,zip,1790587052.777313,200,8372.334915911779,8372.59770790115,2885,13fab552-b1ec-4610-a397-03e421ac752e,,2026/09/28/rlwa-web-zip[6]9382890cadab4dc0b7b975ffc6afba6c,True,503.13,7835.0,1024.0,240.0,7331.16,,,293.0,334.0,6491.0,6525.0,,,True,,
mem1024-r2,1024,baseline,WEB_ZIP,rlwa-web-zip,web,zip,1790587052.77718,200,7752.379874931648,7752.592583885416,2885,73967623-c7b3-413c-a51e-f224f399c2db,,2026/09/28/rlwa-web-zip[6]e5b50695a61b4719b6d74219b2e1ee0e,True,504.8,7277.0,1024.0,238.0,6771.7,,,255.0,273.0,6056.0,6086.0,,,True,,
mem1024-r2,1024,baseline,WEB_ZIP,rlwa-web-zip,web,zip,1790587052.7772522,200,7301.998125156388,7302.2688331548125,2885,1b2f39bb-7f21-4a28-a958-e196d601cf22,,2026/09/28/rlwa-web-zip[6]037bc1bd834a4b56bf4202d1c27aabe3,True,460.9,6740.0,1024.0,238.0,6278.7,,,235.0,249.0,5675.0,5710.0,,,True,,
mem1024-r2,1024,baseline,WEB_ZIP,rlwa-web-zip,web,zip,1790587052.776395,200,7679.727709153667,7680.166125064716,2885,1b5d03a3-624f-4d45-a4b8-b3feb983765d,,2026/09/28/rlwa-web-zip[6]dc43e0b1a0244eba9297d7e51e27f58d,True,496.03,7201.0,1024.0,240.0,6704.63,,,262.0,277.0,5957.0,5991.0,,,True,,
mem1024-r2,1024,baseline,API_ZIP,rlwa-api-zip,api,zip,1790587071.981431,200,7314.485416049138,7315.151832997799,493,1eca7c75-eadc-40b6-8849-73aea66d79d9,,2026/09/28/rlwa-api-zip[6]4beb239239734b7abe1b6377ac574821,True,329.85,6775.0,1024.0,236.0,6444.35,,,278.0,256.0,5729.0,5764.0,,,True,,
mem1024-r2,1024,baseline,API_ZIP,rlwa-api-zip,api,zip,1790587071.981357,200,7967.423791065812,7967.6977910567075,493,966467fb-c062-4a8b-a4e7-766084170231,,2026/09/28/rlwa-api-zip[6]f9aa5983fb064c8bad4801450488c173,True,352.43,7351.0,1024.0,240.0,6998.4,,,322.0,322.0,6224.0,6260.0,,,True,,
mem1024-r2,1024,baseline,API_ZIP,rlwa-api-zip,api,zip,1790587071.981566,200,7157.49895805493,7157.713416032493,493,006ce317-9b84-415b-9b42-104e75ee64fe,,2026/09/28/rlwa-api-zip[6]4913fe1828b4455ea596e691616b4304,True,335.41,6598.0,1024.0,235.0,6262.28,,,278.0,262.0,5606.0,5634.0,,,True,,
mem1024-r2,1024,baseline,API_ZIP,rlwa-api-zip,api,zip,1790587071.981514,200,8187.070833984762,8187.227792106569,493,567a0236-9e57-4e8e-bedf-7067a8db082d,,2026/09/28/rlwa-api-zip[6]df390bc11e9f4e60b2705496b726b2b6,True,343.07,7581.0,1024.0,234.0,7237.29,,,337.0,284.0,6266.0,6298.0,,,True,,
mem1024-r2,1024,baseline,API_ZIP,rlwa-api-zip,api,zip,1790587071.981697,200,8104.217666899785,8104.377999901772,493,a50358a5-39f4-422f-bfa1-1bd7da1740dd,,2026/09/28/rlwa-api-zip[6]109dc51892d94e6bbe951959b525417a,True,349.6,7509.0,1024.0,239.0,7159.23,,,322.0,318.0,6281.0,6321.0,,,True,,
mem1024-r2,1024,baseline,API_ZIP,rlwa-api-zip,api,zip,1790587071.981892,200,7129.702459089458,7130.317667033523,493,77f341dd-29ca-463c-a643-ef8a2783fcc8,,2026/09/28/rlwa-api-zip[6]35c8d6f102784b04b0b305499fb3c78b,True,403.25,6579.0,1024.0,238.0,6175.19,,,253.0,269.0,5535.0,5564.0,,,True,,
mem1024-r2,1024,baseline,API_ZIP,rlwa-api-zip,api,zip,1790587071.981961,200,8101.7595829907805,8101.90024995245,493,1808d265-ddeb-41f0-b58a-217cc45ec21c,,2026/09/28/rlwa-api-zip[6]44d65927fc9a4a0989a6bbdd91c06c1b,True,375.16,7491.0,1024.0,239.0,7115.54,,,290.0,312.0,6253.0,6285.0,,,True,,
mem1024-r2,1024,baseline,API_ZIP,rlwa-api-zip,api,zip,1790587071.9818182,200,7144.444208825007,7144.761292031035,493,0286098c-3ed2-4d3f-9b11-8b50b298a337,,2026/09/28/rlwa-api-zip[6]355c8d17c02e447db0fa485321e2dffd,True,447.65,6560.0,1024.0,235.0,6111.74,,,244.0,275.0,5495.0,5518.0,,,True,,
mem1024-r2,1024,baseline,API_ZIP,rlwa-api-zip,api,zip,1790587071.9820101,200,7997.017583111301,7997.674375073984,493,989de204-1af8-4d8c-8728-a511ef384037,,2026/09/28/rlwa-api-zip[6]3906a083b5d7441aa622c0febc50420e,True,375.43,7328.0,1024.0,237.0,6951.92,,,300.0,329.0,6157.0,6188.0,,,True,,
mem1024-r2,1024,baseline,API_ZIP,rlwa-api-zip,api,zip,1790587071.98118,200,7877.75812507607,7878.46012506634,493,6a4e69a9-4385-4562-8349-05bb82dd33d7,,2026/09/28/rlwa-api-zip[6]a24919f527384968b5d6941cbd7f1184,True,339.34,7243.0,1024.0,237.0,6903.32,,,288.0,317.0,6154.0,6181.0,,,True,,
mem1769-r1,1769,baseline,WEB_CONTAINER,rlwa-web-container,web,container,1790587242.00611,200,3590.758957900107,3591.23829100281,2885,8b1ce6db-a75c-4984-abff-e91fd96d3ec0,,2026/09/28/rlwa-web-container[7]4d090055e56e467584d1d4863bea28d2,True,261.12,3233.0,1769.0,211.0,2971.6,,,94.0,148.0,2266.0,2294.0,,,True,,
mem1769-r1,1769,baseline,WEB_CONTAINER,rlwa-web-container,web,container,1790587242.006162,200,3464.351332979277,3465.3642079792917,2885,2bebf58b-ec4c-4017-81d1-76a956470f21,,2026/09/28/rlwa-web-container[7]e25451f42a8b4c2489a772ddc22bdbe5,True,250.9,3111.0,1769.0,211.0,2859.55,,,88.0,154.0,2202.0,2232.0,,,True,,
mem1769-r1,1769,baseline,WEB_CONTAINER,rlwa-web-container,web,container,1790587242.006224,200,3065.6932091806084,3068.2319591287524,2885,60c53882-cdbd-4893-a3d7-e2e6e17484ad,,2026/09/28/rlwa-web-container[7]c116413c5bf042258d8e51216c535f56,True,273.41,2740.0,1769.0,211.0,2466.39,,,71.0,149.0,1892.0,1910.0,,,True,,
mem1769-r1,1769,baseline,WEB_CONTAINER,rlwa-web-container,web,container,1790587242.006269,200,3807.0402501616627,3807.3727081064135,2885,092d51c1-e671-4851-8ae9-2b00a9402db8,,2026/09/28/rlwa-web-container[7]657cc8bd6ab04e1dad69bda6310444ce,True,271.7,3425.0,1769.0,211.0,3152.61,,,99.0,167.0,2422.0,2450.0,,,True,,
mem1769-r1,1769,baseline,WEB_CONTAINER,rlwa-web-container,web,container,1790587242.006196,200,3721.8528750818223,3722.320291912183,2885,8aaa89d8-d146-4425-92c9-890e9d5a17e2,,2026/09/28/rlwa-web-container[7]362b6b473fd147e38abc03c9c0ee20c7,True,275.56,3352.0,1769.0,211.0,3075.65,,,97.0,170.0,2363.0,2390.0,,,True,,
mem1769-r1,1769,baseline,WEB_CONTAINER,rlwa-web-container,web,container,1790587242.0063841,200,2979.4497080147266,2979.883958119899,2885,fd4294d4-e18b-455b-8bd4-a17c755397dc,,2026/09/28/rlwa-web-container[7]eb573958c9484398bc2ce8524bc07b00,True,242.54,2621.0,1769.0,208.0,2377.63,,,78.0,129.0,1805.0,1823.0,,,True,,
mem1769-r1,1769,baseline,WEB_CONTAINER,rlwa-web-container,web,container,1790587242.006304,200,3051.164875039831,3051.8803750164807,2885,431f2ff4-2b2b-4b53-9cdd-df4b661f88a6,,2026/09/28/rlwa-web-container[7]65d45920cb7c432ba38f2becfee94fc3,True,253.06,2704.0,1769.0,208.0,2450.01,,,80.0,152.0,1860.0,1894.0,,,True,,
mem1769-r1,1769,baseline,WEB_CONTAINER,rlwa-web-container,web,container,1790587242.006329,200,3744.4694999139756,3744.8764590080827,2885,dfbf8f35-fb0c-44fb-867b-2576cb86b86b,,2026/09/28/rlwa-web-container[7]7df80fefd28e4db79390997fbb1d4ebf,True,301.96,3384.0,1769.0,212.0,3081.6,,,97.0,167.0,2353.0,2375.0,,,True,,
mem1769-r1,1769,baseline,WEB_CONTAINER,rlwa-web-container,web,container,1790587242.006357,200,3806.3867909368128,3807.1379580069333,2885,0659bb8b-0359-4ebf-a43c-94fee90dc645,,2026/09/28/rlwa-web-container[7]b9a9333ade7d4e388491d15a6ac650f5,True,300.63,3380.0,1769.0,210.0,3079.01,,,95.0,155.0,2364.0,2389.0,,,True,,
mem1769-r1,1769,baseline,WEB_CONTAINER,rlwa-web-container,web,container,1790587242.005981,200,3703.0959581024945,3703.3424580004066,2885,9064fc67-6169-4e48-9277-83d622d51073,,2026/09/28/rlwa-web-container[7]86f3db197f324f1da26976ce029ae6a9,True,280.17,3364.0,1769.0,211.0,3083.36,,,96.0,163.0,2381.0,2408.0,,,True,,
mem1769-r1,1769,baseline,API_CONTAINER,rlwa-api-container,api,container,1790587256.100456,200,3578.6007498390973,3579.37091588974,493,c202cc55-413c-4742-acfa-6ef8c9f78d3c,,2026/09/28/rlwa-api-container[7]da819b92d08a49118e5b1cf1d4a09885,True,202.09,3205.0,1769.0,208.0,3002.81,,,63.0,110.0,2296.0,2319.0,,,True,,
mem1769-r1,1769,baseline,API_CONTAINER,rlwa-api-container,api,container,1790587256.100595,200,3577.938917092979,3578.8505419623107,493,02e730ea-6bfe-4129-adcb-3bc66d4cc551,,2026/09/28/rlwa-api-container[7]285e9033477949eab2392105a8f9dc59,True,242.98,3188.0,1769.0,206.0,2944.47,,,90.0,113.0,2260.0,2278.0,,,True,,
mem1769-r1,1769,baseline,API_CONTAINER,rlwa-api-container,api,container,1790587256.100661,200,2820.9337079897523,2821.3211249094456,493,a10fe9b8-d2b5-4d99-8c14-b759777538ba,,2026/09/28/rlwa-api-container[7]50c2f7c278724684b0aef435b5dcb238,True,181.71,2464.0,1769.0,209.0,2281.82,,,51.0,89.0,1728.0,1751.0,,,True,,
mem1769-r1,1769,baseline,API_CONTAINER,rlwa-api-container,api,container,1790587256.1007218,200,2859.5401670318097,2859.7374169621617,493,77cb28ea-eab4-4b7a-9cae-2bd45d79c876,,2026/09/28/rlwa-api-container[7]af284bbde4c64b1280316bbce40ade71,True,197.74,2499.0,1769.0,208.0,2300.26,,,52.0,90.0,1747.0,1764.0,,,True,,
mem1769-r1,1769,baseline,API_CONTAINER,rlwa-api-container,api,container,1790587256.1008089,200,2855.226666899398,2855.7124589569867,493,8e05e341-d0be-46e1-9661-4ad4f773952a,,2026/09/28/rlwa-api-container[7]38853868e00f4bae81fe1bfe02118fc4,True,178.53,2500.0,1769.0,210.0,2320.57,,,52.0,94.0,1744.0,1759.0,,,True,,
mem1769-r1,1769,baseline,API_CONTAINER,rlwa-api-container,api,container,1790587256.100915,200,3545.1464999932796,3545.4700828995556,493,372151b2-ef58-4c1c-89b2-a36d8797e9f9,,2026/09/28/rlwa-api-container[7]4ad668f493e7410ab59c4713fa9c02a0,True,226.37,3169.0,1769.0,205.0,2942.16,,,86.0,105.0,2265.0,2283.0,,,True,,
mem1769-r1,1769,baseline,API_CONTAINER,rlwa-api-container,api,container,1790587256.100851,200,2966.177541995421,2966.607291949913,493,01750636-8047-45f0-9c31-e980040ecbd4,,2026/09/28/rlwa-api-container[7]a594f05075b14897b67c518579fbe330,True,209.23,2582.0,1769.0,209.0,2372.17,,,53.0,92.0,1780.0,1801.0,,,True,,
mem1769-r1,1769,baseline,API_CONTAINER,rlwa-api-container,api,container,1790587256.10112,200,3711.4141657948494,3711.588165955618,493,59f7e107-84bc-4100-a2a9-b07de44cfcb8,,2026/09/28/rlwa-api-container[7]1ec96326e70547728b995cbf376c3ada,True,207.09,3292.0,1769.0,205.0,3084.32,,,85.0,123.0,2346.0,2365.0,,,True,,
mem1769-r1,1769,baseline,API_CONTAINER,rlwa-api-container,api,container,1790587256.1009789,200,3578.4165831282735,3578.9551250636578,493,43d6e08f-e68b-4d65-901c-c754058bea7f,,2026/09/28/rlwa-api-container[7]102de713335f42e3b298671195982f97,True,216.72,3206.0,1769.0,208.0,2988.86,,,69.0,128.0,2229.0,2244.0,,,True,,
mem1769-r1,1769,baseline,API_CONTAINER,rlwa-api-container,api,container,1790587256.1002681,200,3372.445125132799,3372.6046250667423,493,12bd1e00-7a5d-4dc5-929f-f427642bfb94,,2026/09/28/rlwa-api-container[7]3b9110db27954e21ae01045c72cd4372,True,203.22,3026.0,1769.0,210.0,2821.91,,,60.0,108.0,2152.0,2166.0,,,True,,
mem1769-r1,1769,baseline,WEB_SNAPSTART,rlwa-web-snapstart,web,snapstart,1790587269.724585,200,989.1664579045027,989.8853749036789,2885,dffde22e-7d74-4e08-a564-ef7e312dd5bd,,2026/09/28/rlwa-web-snapstart[7]f1294e1e07e9e4dce6ec987868264c20,True,359.79,380.0,1769.0,216.0,,431.13,20.0,,,,,0.0,,True,,
mem1769-r1,1769,baseline,WEB_SNAPSTART,rlwa-web-snapstart,web,snapstart,1790587269.724864,200,1041.5150001645088,1041.7662921827286,2885,0daf10b4-758b-45d1-92eb-4cec63c7eb28,,2026/09/28/rlwa-web-snapstart[7]bbe5e7a7a29dfae77e28bbc93be80594,True,373.6,394.0,1769.0,216.0,,477.45,20.0,,,,,0.0,,True,,
mem1769-r1,1769,baseline,WEB_SNAPSTART,rlwa-web-snapstart,web,snapstart,1790587269.724643,200,1029.6862500254065,1030.0123749766499,2885,2f79753f-f866-4a5c-a02f-6404cb0ceda3,,2026/09/28/rlwa-web-snapstart[7]5264e34c186c4399a128b268aa50bd1a,True,368.83,389.0,1769.0,216.0,,465.59,20.0,,,,,0.0,,True,,
mem1769-r1,1769,baseline,WEB_SNAPSTART,rlwa-web-snapstart,web,snapstart,1790587269.724716,200,907.1189169771969,907.5237498618662,2885,26f0f71d-c207-4138-8a33-f4ad567c27bb,,2026/09/28/rlwa-web-snapstart[7]85c3b81d8c64effe70c78a0a0f09723c,True,259.9,280.0,1769.0,216.0,,444.61,20.0,,,,,0.0,,True,,
mem1769-r1,1769,baseline,WEB_SNAPSTART,rlwa-web-snapstart,web,snapstart,1790587269.724771,200,1048.485041828826,1048.745458945632,2885,00d558ab-6743-46a3-bff3-9a615b0181f4,,2026/09/28/rlwa-web-snapstart[7]cf216c3cd1f47e696f13fe2404d29532,True,388.17,409.0,1769.0,216.0,,470.62,20.0,,,,,0.0,,True,,
mem1769-r1,1769,baseline,WEB_SNAPSTART,rlwa-web-snapstart,web,snapstart,1790587269.724813,200,989.4918329082429,989.7400408517569,2885,02f401be-9eb8-4054-836b-a997b64d9e78,,2026/09/28/rlwa-web-snapstart[7]f9579cacddd5d38bacc28cb948169be3,True,360.69,381.0,1769.0,216.0,,435.62,20.0,,,,,0.0,,True,,
mem1769-r1,1769,baseline,WEB_SNAPSTART,rlwa-web-snapstart,web,snapstart,1790587269.724915,200,995.2872081194073,995.5224581062794,2885,6999d232-a609-4630-b662-61a50f298717,,2026/09/28/rlwa-web-snapstart[7]1dd8727df9287b2a0348a61a2b380a32,True,356.51,377.0,1769.0,216.0,,444.99,20.0,,,,,0.0,,True,,
mem1769-r1,1769,baseline,WEB_SNAPSTART,rlwa-web-snapstart,web,snapstart,1790587269.724965,200,1074.4889590423554,1074.8625418636948,2885,703b032d-bf80-40c2-a591-3e750e539cc8,,2026/09/28/rlwa-web-snapstart[7]b0441085a1d82ee5ab1c069279a93206,True,390.31,412.0,1769.0,215.0,,475.01,21.0,,,,,0.0,,True,,
mem1769-r1,1769,baseline,WEB_SNAPSTART,rlwa-web-snapstart,web,snapstart,1790587269.7250261,200,1055.166499922052,1055.442332988605,2885,a5d8edbe-c3c4-4e6d-82af-c90a8aa432b7,,2026/09/28/rlwa-web-snapstart[7]5c3add6b09e8a821a5756f9108da57fc,True,400.17,422.0,1769.0,216.0,,478.87,21.0,,,,,0.0,,True,,
mem1769-r1,1769,baseline,WEB_SNAPSTART,rlwa-web-snapstart,web,snapstart,1790587269.724412,200,1113.4685419965535,1113.8224171008915,2885,80e7ad12-e79d-486e-8f3c-214aff849d94,,2026/09/28/rlwa-web-snapstart[7]455abae91a63db16ee30aa8e008e49a7,True,379.2,405.0,1769.0,215.0,,534.96,25.0,,,,,0.0,,True,,
mem1769-r1,1769,baseline,API_SNAPSTART,rlwa-api-snapstart,api,snapstart,1790587289.000621,200,1016.8914999812841,1017.8612919989973,493,3f33e405-8bfe-4a16-905e-019f0c211ce9,,2026/09/28/rlwa-api-snapstart[7]47de267ea6cfe3b6543845b1a580935e,True,297.92,317.0,1769.0,210.0,,454.78,19.0,,,,,0.0,,True,,
mem1769-r1,1769,baseline,API_SNAPSTART,rlwa-api-snapstart,api,snapstart,1790587289.000679,200,1063.2686670869589,1063.4370839688927,493,429da94d-019f-496a-870a-2bb945f1a57b,,2026/09/28/rlwa-api-snapstart[7]27cdad183242bf9d094eb29177b2e32c,True,262.63,292.0,1769.0,210.0,,563.42,29.0,,,,,0.0,,True,,
mem1769-r1,1769,baseline,API_SNAPSTART,rlwa-api-snapstart,api,snapstart,1790587289.0007749,200,1118.230374995619,1118.5408330056816,493,544ee6dd-1427-4f19-85b3-7db99cf80c15,,2026/09/28/rlwa-api-snapstart[7]db7d484f868ffa9a3365375f56d2506a,True,284.11,302.0,1769.0,210.0,,564.34,17.0,,,,,0.0,,True,,
mem1769-r1,1769,baseline,API_SNAPSTART,rlwa-api-snapstart,api,snapstart,1790587289.0007381,200,905.5152498185635,905.9019999112934,493,d2cb1e7e-b6de-4c61-a0b9-f90981b5ddeb,,2026/09/28/rlwa-api-snapstart[7]ada1e446c23602988a6100d86767028b,True,229.0,246.0,1769.0,210.0,,440.97,17.0,,,,,0.0,,True,,
mem1769-r1,1769,baseline,API_SNAPSTART,rlwa-api-snapstart,api,snapstart,1790587289.0008168,200,1051.242999965325,1051.4941250439733,493,60809232-3dd4-4444-8e0a-13d0b6ecd914,,2026/09/28/rlwa-api-snapstart[7]eca04077d0359852a89bed342c63c89f,True,274.63,297.0,1769.0,206.0,,531.68,22.0,,,,,0.0,,True,,
mem1769-r1,1769,baseline,API_SNAPSTART,rlwa-api-snapstart,api,snapstart,1790587289.000989,200,992.852333933115,993.6512499116361,493,34b5c5b7-03b5-4695-88d8-efab325e308a,,2026/09/28/rlwa-api-snapstart[7]66478946a652f179c32a9f0c368c64b4,True,290.54,309.0,1769.0,210.0,,448.9,18.0,,,,,0.0,,True,,
mem1769-r1,1769,baseline,API_SNAPSTART,rlwa-api-snapstart,api,snapstart,1790587289.000868,200,993.5857919044793,993.9104998484254,493,ca7a4c9e-c345-4621-a8e0-09c590702963,,2026/09/28/rlwa-api-snapstart[7]92fe22ab8c0cd6ac26f435424cbd964a,True,250.41,269.0,1769.0,210.0,,485.02,18.0,,,,,0.0,,True,,
mem1769-r1,1769,baseline,API_SNAPSTART,rlwa-api-snapstart,api,snapstart,1790587289.001029,200,887.4300420284271,887.8438749816269,493,899f2162-56c3-48be-ae37-61716bb4419b,,2026/09/28/rlwa-api-snapstart[7]8502337a28e134c9cd01714145595ebd,True,242.73,262.0,1769.0,210.0,,417.89,19.0,,,,,0.0,,True,,
mem1769-r1,1769,baseline,API_SNAPSTART,rlwa-api-snapstart,api,snapstart,1790587289.000951,200,1017.260666936636,1017.7967920899391,493,ad2472f9-bf28-47da-8832-ba0192583154,,2026/09/28/rlwa-api-snapstart[7]e0bbc56b22d5e182aac0757b91a2e75a,True,271.94,289.0,1769.0,210.0,,491.57,17.0,,,,,0.0,,True,,
mem1769-r1,1769,baseline,API_SNAPSTART,rlwa-api-snapstart,api,snapstart,1790587289.000463,200,1158.7616670876741,1159.0662500821054,493,c62e0f1b-35c3-40e9-8140-fa8e100bc102,,2026/09/28/rlwa-api-snapstart[7]4b35389dd0d75bc0f1c8b8f1f9aa213b,True,342.74,367.0,1769.0,206.0,,582.82,24.0,,,,,0.0,,True,,
mem1769-r1,1769,baseline,WEB_ZIP,rlwa-web-zip,web,zip,1790587304.1801012,200,7533.3115418907255,7533.584832912311,2885,9b8afe34-4baf-416f-969f-1c02e5d874bd,,2026/09/28/rlwa-web-zip[7]6ff3e9ed8f444d9a94bb49e01acd0819,True,326.41,6918.0,1769.0,240.0,6590.85,,,246.0,293.0,5850.0,5890.0,,,True,,
mem1769-r1,1769,baseline,WEB_ZIP,rlwa-web-zip,web,zip,1790587304.180156,200,8137.259375071153,8137.389250099659,2885,31bc6895-9b43-4b88-9f96-24f14c24478c,,2026/09/28/rlwa-web-zip[7]9ad9e56775f449fabb8726645f6c77ce,True,338.22,7546.0,1769.0,240.0,7206.85,,,287.0,276.0,6377.0,6408.0,,,True,,
mem1769-r1,1769,baseline,WEB_ZIP,rlwa-web-zip,web,zip,1790587304.180216,200,7370.29733415693,7370.658334111795,2885,7b008104-5607-4dbc-889a-2da0129d2b52,,2026/09/28/rlwa-web-zip[7]6cd7a7aa9192479fbf3d951c27578d54,True,311.32,6792.0,1769.0,241.0,6479.72,,,258.0,279.0,5829.0,5866.0,,,True,,
mem1769-r1,1769,baseline,WEB_ZIP,rlwa-web-zip,web,zip,1790587304.1805298,200,7361.2907498609275,7361.623291857541,2885,3bd1e2d3-44af-44bb-9717-936a81b39acb,,2026/09/28/rlwa-web-zip[7]ccf3da42534c45a09c523301b188e1a3,True,339.18,6760.0,1769.0,239.0,6420.02,,,239.0,259.0,5774.0,5805.0,,,True,,
mem1769-r1,1769,baseline,WEB_ZIP,rlwa-web-zip,web,zip,1790587304.180268,200,8295.944415964186,8296.26154107973,2885,1ea08e1f-704d-4305-9ca3-1746b28bf3db,,2026/09/28/rlwa-web-zip[7]a5c57b8024374929a6adbb048f69a01a,True,349.86,7712.0,1769.0,240.0,7362.08,,,299.0,325.0,6522.0,6563.0,,,True,,
mem1769-r1,1769,baseline,WEB_ZIP,rlwa-web-zip,web,zip,1790587304.180345,200,7262.172958115116,7262.646042043343,2885,5ec8a163-8298-4fcb-a6a5-e68681d9867c,,2026/09/28/rlwa-web-zip[7]c1b44b42493640b1b2fc46df21d14198,True,302.17,6696.0,1769.0,240.0,6393.18,,,236.0,243.0,5744.0,5778.0,,,True,,
mem1769-r1,1769,baseline,WEB_ZIP,rlwa-web-zip,web,zip,1790587304.180418,200,7345.426582964137,7345.785999903455,2885,02856dc8-08d5-4c4c-8fc1-66ff69d10819,,2026/09/28/rlwa-web-zip[7]1f98d25935604daa90564754cf23c015,True,330.36,6781.0,1769.0,239.0,6450.21,,,252.0,266.0,5815.0,5847.0,,,True,,
mem1769-r1,1769,baseline,WEB_ZIP,rlwa-web-zip,web,zip,1790587304.180305,200,7305.91379199177,7306.252124952152,2885,e95703ab-7cab-4c1a-9a55-4a0d85a76cd8,,2026/09/28/rlwa-web-zip[7]56d15d947f0f4d7480082a2746ac0d9e,True,290.38,6736.0,1769.0,237.0,6445.36,,,245.0,261.0,5780.0,5814.0,,,True,,
mem1769-r1,1769,baseline,WEB_ZIP,rlwa-web-zip,web,zip,1790587304.180477,200,8091.47895895876,8091.881125001237,2885,d71ca5ef-20ac-4d3b-9b19-374a0a074eb9,,2026/09/28/rlwa-web-zip[7]da02083437154a3b9ebdfd39f6bf8a25,True,355.55,7511.0,1769.0,243.0,7155.25,,,285.0,318.0,6359.0,6392.0,,,True,,
mem1769-r1,1769,baseline,WEB_ZIP,rlwa-web-zip,web,zip,1790587304.179956,200,7541.305209044367,7541.545000160113,2885,60926cb3-2e9e-43a2-94f3-c75a0ec4880b,,2026/09/28/rlwa-web-zip[7]7c997cd9c1a04226be65c8bed1c80b71,True,314.29,6959.0,1769.0,239.0,6644.66,,,254.0,264.0,5897.0,5938.0,,,True,,
mem1769-r1,1769,baseline,API_ZIP,rlwa-api-zip,api,zip,1790587322.277924,200,7592.897792113945,7593.236417043954,493,a4b3846f-b0a6-45ae-9310-26ae46b40d6e,,2026/09/28/rlwa-api-zip[7]28c5ed96296448c7b35c9eebdfc41fd8,True,254.8,7120.0,1769.0,237.0,6864.58,,,286.0,318.0,6064.0,6093.0,,,True,,
mem1769-r1,1769,baseline,API_ZIP,rlwa-api-zip,api,zip,1790587322.277982,200,7795.471375109628,7795.605833176523,493,07733182-46bf-49c0-94bc-fea354651ed2,,2026/09/28/rlwa-api-zip[7]7d0424ce4bfc4d86a63c6b492175ef0b,True,253.09,7312.0,1769.0,237.0,7058.04,,,294.0,327.0,6246.0,6283.0,,,True,,
mem1769-r1,1769,baseline,API_ZIP,rlwa-api-zip,api,zip,1790587322.27824,200,6969.028499908745,6969.3899168632925,493,7d1bfc93-7dc7-4ed9-8cdb-47a6378d4e3d,,2026/09/28/rlwa-api-zip[7]1b77014dd51c403ba5a904b1ebca6cf5,True,252.94,6523.0,1769.0,237.0,6269.96,,,256.0,280.0,5564.0,5602.0,,,True,,
mem1769-r1,1769,baseline,API_ZIP,rlwa-api-zip,api,zip,1790587322.2780778,200,7962.281625019386,7962.531458120793,493,147d1e95-9a7d-4788-a79e-6d718990a5d3,,2026/09/28/rlwa-api-zip[7]caa7f2abf26645d69218f5dee6e925b9,True,263.61,7337.0,1769.0,237.0,7073.31,,,297.0,310.0,6216.0,6256.0,,,True,,
mem1769-r1,1769,baseline,API_ZIP,rlwa-api-zip,api,zip,1790587322.2780411,200,7308.30258410424,7308.529749978334,493,fb385085-261c-4a3e-8cc8-1f4551eb6240,,2026/09/28/rlwa-api-zip[7]e431962602de4bf9b635260b5aee302f,True,231.75,6846.0,1769.0,237.0,6613.27,,,254.0,270.0,5702.0,5738.0,,,True,,
mem1769-r1,1769,baseline,API_ZIP,rlwa-api-zip,api,zip,1790587322.278325,200,7043.944041943178,7044.247207930312,493,c45629d4-f622-4693-b401-1a59326e17da,,2026/09/28/rlwa-api-zip[7]d0cb81bd8b4b4aba880a4c364dcd9a2e,True,245.75,6601.0,1769.0,237.0,6354.26,,,262.0,302.0,5633.0,5668.0,,,True,,
mem1769-r1,1769,baseline,API_ZIP,rlwa-api-zip,api,zip,1790587322.2781372,200,7177.432416938245,7177.73895803839,493,8fe4991a-d429-4328-a253-f0119a9ebde3,,2026/09/28/rlwa-api-zip[7]33a2f6f82b1a49269a7f50f3dd62c5a2,True,217.31,6689.0,1769.0,238.0,6471.6,,,261.0,288.0,5720.0,5758.0,,,True,,
mem1769-r1,1769,baseline,API_ZIP,rlwa-api-zip,api,zip,1790587322.278205,200,8023.420249810442,8023.753583896905,493,60d8c480-59b5-423a-b1eb-9fa86857465b,,2026/09/28/rlwa-api-zip[7]2268328be125469980c255c7a4ddffb6,True,262.9,7428.0,1769.0,237.0,7164.6,,,301.0,317.0,6288.0,6327.0,,,True,,
mem1769-r1,1769,baseline,API_ZIP,rlwa-api-zip,api,zip,1790587322.27829,200,7784.5258340239525,7784.668208798394,493,74b18636-4309-484f-8841-e9b796e863ee,,2026/09/28/rlwa-api-zip[7]9f86d1d032644a47b174324e3b310400,True,255.35,7272.0,1769.0,237.0,7016.47,,,301.0,329.0,6210.0,6246.0,,,True,,
mem1769-r1,1769,baseline,API_ZIP,rlwa-api-zip,api,zip,1790587322.2777998,200,6846.024707891047,6846.45695798099,493,39c791e4-376e-4e17-8279-bb62fae49a56,,2026/09/28/rlwa-api-zip[7]5fcea0df2f1940c48c5400b9ab5da628,True,231.15,6369.0,1769.0,238.0,6137.68,,,256.0,279.0,5506.0,5537.0,,,True,,
mem1769-r2,1769,baseline,WEB_CONTAINER,rlwa-web-container,web,container,1790587433.666285,200,3647.2257080022246,3647.538499906659,2885,941ae3cc-d686-4e5b-b66d-1254756e5881,,2026/09/28/rlwa-web-container[8]09b98f9ec0544f3985db1ef9ff1729b7,True,268.04,3300.0,1769.0,213.0,3031.86,,,118.0,168.0,2378.0,2404.0,,,True,,
mem1769-r2,1769,baseline,WEB_CONTAINER,rlwa-web-container,web,container,1790587433.66634,200,3717.427165945992,3717.802499886602,2885,deedef7d-bf40-462c-9281-173e21943b02,,2026/09/28/rlwa-web-container[8]03a024a35e5941eb98a036153f214207,True,264.53,3349.0,1769.0,211.0,3084.37,,,98.0,167.0,2368.0,2396.0,,,True,,
mem1769-r2,1769,baseline,WEB_CONTAINER,rlwa-web-container,web,container,1790587433.666374,200,3771.661583101377,3771.8556670006365,2885,fff6b875-3cdd-4537-89c8-3bd68d825f1f,,2026/09/28/rlwa-web-container[8]c94146153795441ea2545b5264055dc9,True,306.65,3471.0,1769.0,210.0,3164.33,,,100.0,167.0,2401.0,2433.0,,,True,,
mem1769-r2,1769,baseline,WEB_CONTAINER,rlwa-web-container,web,container,1790587433.66642,200,2891.529249958694,2891.961457906291,2885,c5592178-558d-4c5c-953a-65b6bc13f81f,,2026/09/28/rlwa-web-container[8]26a862cf8c3f4cb2be9a241819eb55f6,True,230.03,2586.0,1769.0,210.0,2355.65,,,74.0,136.0,1798.0,1820.0,,,True,,
mem1769-r2,1769,baseline,WEB_CONTAINER,rlwa-web-container,web,container,1790587433.666541,200,3039.091582875699,3041.6908329352736,2885,6626b659-e2ca-4190-8af1-87926b8025c3,,2026/09/28/rlwa-web-container[8]0431fca5b02b4f828385acc4d175480e,True,256.05,2739.0,1769.0,215.0,2482.27,,,79.0,134.0,1873.0,1903.0,,,True,,
mem1769-r2,1769,baseline,WEB_CONTAINER,rlwa-web-container,web,container,1790587433.666455,200,3625.7802909240127,3626.5877499245107,2885,069818d7-3c86-4ddd-a326-9463e5ac4831,,2026/09/28/rlwa-web-container[8]2f12ef9b032140d39c95e981eea8e891,True,297.69,3305.0,1769.0,212.0,3006.49,,,98.0,167.0,2304.0,2333.0,,,True,,
mem1769-r2,1769,baseline,WEB_CONTAINER,rlwa-web-container,web,container,1790587433.666487,200,3639.6030420437455,3639.965249923989,2885,b8f25524-34ae-40b3-8a46-df32a2463b10,,2026/09/28/rlwa-web-container[8]83b42ce45a9047b4bef41e447e6c035c,True,289.1,3334.0,1769.0,210.0,3044.82,,,93.0,176.0,2335.0,2364.0,,,True,,
mem1769-r2,1769,baseline,WEB_CONTAINER,rlwa-web-container,web,container,1790587433.666514,200,3005.4704579524696,3005.7709580287337,2885,ff3e2efc-fb2e-42e2-abd8-3e2a5fdb3520,,2026/09/28/rlwa-web-container[8]4869b48755954135b557126961a859a4,True,245.95,2664.0,1769.0,209.0,2417.99,,,81.0,129.0,1788.0,1808.0,,,True,,
mem1769-r2,1769,baseline,WEB_CONTAINER,rlwa-web-container,web,container,1790587433.666568,200,3624.7300000395626,3626.372708939016,2885,9b72b138-2bca-4caa-afac-e21157a56fb5,,2026/09/28/rlwa-web-container[8]ab5c21aed8ee4dacad0b459029fcbd90,True,270.59,3308.0,1769.0,210.0,3036.73,,,101.0,164.0,2310.0,2344.0,,,True,,
mem1769-r2,1769,baseline,WEB_CONTAINER,rlwa-web-container,web,container,1790587433.666144,200,3364.940916886553,3365.4785419348627,2885,3b80545c-441b-434a-b37b-35fbcb9e34e8,,2026/09/28/rlwa-web-container[8]391b3d6a40b0445781c5eb92121212ec,True,220.95,3051.0,1769.0,211.0,2829.42,,,111.0,150.0,2223.0,2247.0,,,True,,
mem1769-r2,1769,baseline,API_CONTAINER,rlwa-api-container,api,container,1790587447.089522,200,3356.5214588306844,3356.8782918155193,493,3e8d3af9-c9a4-4d39-8d36-080ceab42239,,2026/09/28/rlwa-api-container[8]05d52d39efd54a96bee670a33d15fe6c,True,199.79,3117.0,1769.0,209.0,2916.28,,,64.0,110.0,2227.0,2243.0,,,True,,
mem1769-r2,1769,baseline,API_CONTAINER,rlwa-api-container,api,container,1790587447.089592,200,3033.2254578825086,3033.655166858807,493,64d972d2-2d5f-406e-ac28-04765feac08f,,2026/09/28/rlwa-api-container[8]6b1b773eb29947f4b1115ef7a035ce86,True,196.12,2706.0,1769.0,205.0,2509.34,,,69.0,113.0,1934.0,1949.0,,,True,,
mem1769-r2,1769,baseline,API_CONTAINER,rlwa-api-container,api,container,1790587447.08965,200,3342.332375003025,3343.0015419144183,493,3db54a70-37c5-40c2-ae67-4deb392e1c7c,,2026/09/28/rlwa-api-container[8]d7c28698af6b43bea1ccd79270d00b8c,True,195.88,3111.0,1769.0,210.0,2915.1,,,60.0,114.0,2215.0,2234.0,,,True,,
mem1769-r2,1769,baseline,API_CONTAINER,rlwa-api-container,api,container,1790587447.089708,200,3364.51283399947,3364.7522919345647,493,f1809bf9-cf38-49ca-b1f8-cb3149f3fd24,,2026/09/28/rlwa-api-container[8]bd502526fa5346d08ba46796f7311f4f,True,210.8,3131.0,1769.0,206.0,2919.87,,,63.0,110.0,2223.0,2244.0,,,True,,
mem1769-r2,1769,baseline,API_CONTAINER,rlwa-api-container,api,container,1790587447.0897422,200,3414.975417079404,3415.2385420165956,493,a0dd93b6-bdbd-4962-97f9-a7fdb08e91c5,,2026/09/28/rlwa-api-container[8]6c9a3c269d854bd794469d12d016b16d,True,237.34,3179.0,1769.0,209.0,2940.76,,,64.0,110.0,2264.0,2281.0,,,True,,
mem1769-r2,1769,baseline,API_CONTAINER,rlwa-api-container,api,container,1790587447.089775,200,3448.9765830803663,3449.2182079702616,493,406fd943-a6ba-4f3e-846c-1e95048124e9,,2026/09/28/rlwa-api-container[8]9feded53d4e04ca691fb56a8f2fb6030,True,243.63,3217.0,1769.0,209.0,2973.14,,,65.0,124.0,2275.0,2294.0,,,True,,
mem1769-r2,1769,baseline,API_CONTAINER,rlwa-api-container,api,container,1790587447.089813,200,3309.8707909230143,3310.2741250768304,493,815068b0-b616-4404-9e28-da5d810f6fc2,,2026/09/28/rlwa-api-container[8]f6906179c1d44788b1216993a5e1de1f,True,210.19,3116.0,1769.0,211.0,2905.11,,,64.0,113.0,2210.0,2235.0,,,True,,
mem1769-r2,1769,baseline,API_CONTAINER,rlwa-api-container,api,container,1790587447.089888,200,3099.3952499702573,3099.761333083734,493,46daaf6d-e78e-49ec-8a72-7256eec1aa4a,,2026/09/28/rlwa-api-container[8]a1c2931341f24fa4a832d782fe29b95b,True,184.13,2857.0,1769.0,210.0,2672.01,,,67.0,106.0,1969.0,1991.0,,,True,,
mem1769-r2,1769,baseline,API_CONTAINER,rlwa-api-container,api,container,1790587447.0898402,200,3384.093166096136,3384.3357500154525,493,1f88b64b-ae48-46fd-966c-be039a5c5da2,,2026/09/28/rlwa-api-container[8]690e9091f5d645d7b27a93c9981bad5c,True,225.49,3166.0,1769.0,205.0,2940.25,,,91.0,119.0,2269.0,2287.0,,,True,,
mem1769-r2,1769,baseline,API_CONTAINER,rlwa-api-container,api,container,1790587447.0893729,200,3446.9251250848174,3447.3068341612816,493,ba08f4be-ccc0-4b66-bf9c-1a8543ca8de1,,2026/09/28/rlwa-api-container[8]47ab8f2e40c242abb5a5efce24facecb,True,221.04,3242.0,1769.0,207.0,3020.35,,,85.0,109.0,2295.0,2313.0,,,True,,
mem1769-r2,1769,baseline,WEB_SNAPSTART,rlwa-web-snapstart,web,snapstart,1790587460.0480661,200,1014.4071658141911,1014.6835409104824,2885,768de22d-15f8-423f-8860-3a3fa8629a92,,2026/09/28/rlwa-web-snapstart[8]53a83e1dda03690a7fd4cdf93532fd4e,True,387.81,409.0,1769.0,213.0,,478.39,21.0,,,,,0.0,,True,,
mem1769-r2,1769,baseline,WEB_SNAPSTART,rlwa-web-snapstart,web,snapstart,1790587460.0481238,200,1005.6530830916017,1005.9193749912083,2885,d45167c3-605e-4fad-8157-07d4952fb55c,,2026/09/28/rlwa-web-snapstart[8]1c7644676d27081cef3effdaf8893f5b,True,401.68,422.0,1769.0,213.0,,442.65,20.0,,,,,0.0,,True,,
mem1769-r2,1769,baseline,WEB_SNAPSTART,rlwa-web-snapstart,web,snapstart,1790587460.048308,200,1140.5574588570744,1140.8586669713259,2885,70fb8a2e-3f9a-414f-81f5-44ca7f9be133,,2026/09/28/rlwa-web-snapstart[8]9c02d2a59d0032fc7c467fc161a4f841,True,409.16,433.0,1769.0,215.0,,565.49,23.0,,,,,0.0,,True,,
mem1769-r2,1769,baseline,WEB_SNAPSTART,rlwa-web-snapstart,web,snapstart,1790587460.048183,200,966.8955421075225,967.2175829764456,2885,98863df4-5198-472b-addb-0e454cba4646,,2026/09/28/rlwa-web-snapstart[8]216999e25d6a12e4f261ad02ea9b948e,True,296.74,317.0,1769.0,213.0,,509.51,20.0,,,,,0.0,,True,,
mem1769-r2,1769,baseline,WEB_SNAPSTART,rlwa-web-snapstart,web,snapstart,1790587460.048225,200,1125.2723750658333,1125.6066670175642,2885,18e7381f-60e4-45bc-b541-9eaf08034b01,,2026/09/28/rlwa-web-snapstart[8]03049f44c8def9ff25c29b303e52ef45,True,447.64,473.0,1769.0,215.0,,516.37,25.0,,,,,0.0,,True,,
mem1769-r2,1769,baseline,WEB_SNAPSTART,rlwa-web-snapstart,web,snapstart,1790587460.0483441,200,1009.1944169253111,1009.4531669747084,2885,674cac83-5682-4e40-b0ab-3ffe9bdf530f,,2026/09/28/rlwa-web-snapstart[8]f681158b80035cce9c5cdce64eb6bc3f,True,380.97,403.0,1769.0,213.0,,479.89,22.0,,,,,0.0,,True,,
mem1769-r2,1769,baseline,WEB_SNAPSTART,rlwa-web-snapstart,web,snapstart,1790587460.04837,200,1046.9753749202937,1047.2181248478591,2885,ad731c52-8cda-43a2-aa95-a902f9f7ea22,,2026/09/28/rlwa-web-snapstart[8]3b1f7c115ab607647bd548bce3d96d87,True,423.12,443.0,1769.0,213.0,,464.97,19.0,,,,,0.0,,True,,
mem1769-r2,1769,baseline,WEB_SNAPSTART,rlwa-web-snapstart,web,snapstart,1790587460.0484009,200,1046.7070410959423,1046.9705411233008,2885,f7d1d679-856a-4656-9a5c-aac56b924f9f,,2026/09/28/rlwa-web-snapstart[8]e0fefef7868668ffd3ef50c1457c2df6,True,376.58,399.0,1769.0,215.0,,510.78,22.0,,,,,0.0,,True,,
mem1769-r2,1769,baseline,WEB_SNAPSTART,rlwa-web-snapstart,web,snapstart,1790587460.04828,200,871.5958332177252,871.9926250632852,2885,f09ca4fb-7af1-4a28-92c4-75e0375627db,,2026/09/28/rlwa-web-snapstart[8]af6116a869838f40e090fa2c791a3b95,True,287.44,306.0,1769.0,213.0,,427.44,18.0,,,,,0.0,,True,,
mem1769-r2,1769,baseline,WEB_SNAPSTART,rlwa-web-snapstart,web,snapstart,1790587460.0479271,200,1143.3784579858184,1143.7303749844432,2885,21b5777b-6be4-4fe8-ba2b-436b793b5a93,,2026/09/28/rlwa-web-snapstart[8]82a6131d183e7e663857734ec25b4041,True,402.4,427.0,1769.0,215.0,,578.27,24.0,,,,,0.0,,True,,
mem1769-r2,1769,baseline,API_SNAPSTART,rlwa-api-snapstart,api,snapstart,1790587478.807203,200,958.2677090074867,958.6082499008626,493,15c0c07a-5689-4509-9087-8294c5f0e273,,2026/09/28/rlwa-api-snapstart[8]71669d5034ddafdfe10131f4a21cb4be,True,214.53,233.0,1769.0,209.0,,515.65,18.0,,,,,0.0,,True,,
mem1769-r2,1769,baseline,API_SNAPSTART,rlwa-api-snapstart,api,snapstart,1790587478.807318,200,1068.362541962415,1068.7742079608142,493,c457189b-67f1-43da-ae01-514e9772455c,,2026/09/28/rlwa-api-snapstart[8]320dbdabd12b18cae86103598f183add,True,271.31,289.0,1769.0,209.0,,576.25,17.0,,,,,0.0,,True,,
mem1769-r2,1769,baseline,API_SNAPSTART,rlwa-api-snapstart,api,snapstart,1790587478.807265,200,931.3754169270396,931.6594998817891,493,e51501f5-dcd1-431c-83f5-c1d561a4f225,,2026/09/28/rlwa-api-snapstart[8]56e62cdbd5d8610efbf6fea0e9ee2bf0,True,233.12,252.0,1769.0,209.0,,502.47,18.0,,,,,0.0,,True,,
mem1769-r2,1769,baseline,API_SNAPSTART,rlwa-api-snapstart,api,snapstart,1790587478.807582,200,924.7302091680467,925.0519999768585,493,23e1cf2e-aa11-4d1d-a4f8-cc276d9a5682,,2026/09/28/rlwa-api-snapstart[8]32ac60c9027651c279510b7105f10fcc,True,291.69,309.0,1769.0,209.0,,416.56,17.0,,,,,0.0,,True,,
mem1769-r2,1769,baseline,API_SNAPSTART,rlwa-api-snapstart,api,snapstart,1790587478.807381,200,919.0788338892162,919.4141670595855,493,9ba88efe-e677-4265-a190-bcc5210714a4,,2026/09/28/rlwa-api-snapstart[8]8b14801bb50f21e9a3116d6eae5b5f5b,True,249.26,267.0,1769.0,209.0,,440.09,17.0,,,,,0.0,,True,,
mem1769-r2,1769,baseline,API_SNAPSTART,rlwa-api-snapstart,api,snapstart,1790587478.807441,200,1090.4675831552595,1090.7707081642002,493,b00ed2a3-5617-4fba-9c6d-05a8987b11ea,,2026/09/28/rlwa-api-snapstart[8]b6a00d7603a8649b841bcb68946f7816,True,264.45,286.0,1769.0,207.0,,584.86,21.0,,,,,0.0,,True,,
mem1769-r2,1769,baseline,API_SNAPSTART,rlwa-api-snapstart,api,snapstart,1790587478.807619,200,883.4702498279512,883.8421669788659,493,4e43a347-9e26-49ec-a8f8-31c1591aefa3,,2026/09/28/rlwa-api-snapstart[8]d18d23b415ec98e4d6cadde30e6ec2a2,True,227.19,248.0,1769.0,209.0,,439.95,20.0,,,,,0.0,,True,,
mem1769-r2,1769,baseline,API_SNAPSTART,rlwa-api-snapstart,api,snapstart,1790587478.807654,200,1105.2077498752624,1105.506791966036,493,64aa4e42-1ab2-4af6-8078-f780c3a19864,,2026/09/28/rlwa-api-snapstart[8]960b1964a269152a35d3908294cd169b,True,321.25,345.0,1769.0,207.0,,569.63,23.0,,,,,0.0,,True,,
mem1769-r2,1769,baseline,API_SNAPSTART,rlwa-api-snapstart,api,snapstart,1790587478.8075469,200,985.1670830976218,985.450791195035,493,0a6793a5-b80a-4bbe-ae87-2fc8865912d2,,2026/09/28/rlwa-api-snapstart[8]4f7422b899985753d496eed0c21603b9,True,284.53,302.0,1769.0,209.0,,485.34,17.0,,,,,0.0,,True,,
mem1769-r2,1769,baseline,API_SNAPSTART,rlwa-api-snapstart,api,snapstart,1790587478.8070579,200,923.726457869634,923.9972908981144,493,d342a9ea-777b-4120-91e0-69ee2300799c,,2026/09/28/rlwa-api-snapstart[8]a81f1df280a20d60b40bc889058c7edc,True,271.0,289.0,1769.0,209.0,,436.18,17.0,,,,,0.0,,True,,
mem1769-r2,1769,baseline,WEB_ZIP,rlwa-web-zip,web,zip,1790587489.3836238,200,7250.88591594249,7251.195583026856,2885,636078f5-aa5b-4742-85b4-3d1158f0ce2e,,2026/09/28/rlwa-web-zip[8]ae0959905d2b4c25a43785a4eab38877,True,315.63,6778.0,1769.0,240.0,6461.97,,,246.0,266.0,5815.0,5844.0,,,True,,
mem1769-r2,1769,baseline,WEB_ZIP,rlwa-web-zip,web,zip,1790587489.383687,200,7354.216790990904,7354.361332952976,2885,c907d76f-e4f1-48d2-a7ae-2bcfe404dc17,,2026/09/28/rlwa-web-zip[8]dfb88113f79941eea5513c8d407d23b6,True,324.91,6853.0,1769.0,243.0,6527.38,,,268.0,288.0,5895.0,5922.0,,,True,,
mem1769-r2,1769,baseline,WEB_ZIP,rlwa-web-zip,web,zip,1790587489.383748,200,7187.632167013362,7187.925250036642,2885,c25a76c9-b4c0-4740-95f8-a130993c850e,,2026/09/28/rlwa-web-zip[8]750be60806b54c08af8059b33f06dd46,True,329.43,6666.0,1769.0,238.0,6336.38,,,242.0,250.0,5698.0,5727.0,,,True,,
mem1769-r2,1769,baseline,WEB_ZIP,rlwa-web-zip,web,zip,1790587489.383853,200,8092.494792072102,8093.057707883418,2885,ae03184a-2f02-4e68-9ea5-f5a92a666514,,2026/09/28/rlwa-web-zip[8]9dd244219f904277ad50f25c36cee39c,True,333.54,7524.0,1769.0,240.0,7189.86,,,306.0,309.0,6419.0,6451.0,,,True,,
mem1769-r2,1769,baseline,WEB_ZIP,rlwa-web-zip,web,zip,1790587489.3838139,200,8106.152666034177,8107.605749974027,2885,f6224e21-bc54-449d-9870-a61792979806,,2026/09/28/rlwa-web-zip[8]90e2a4b0d5b9428eb0ed4baf0849a843,True,374.4,7552.0,1769.0,240.0,7176.83,,,289.0,326.0,6421.0,6453.0,,,True,,
mem1769-r2,1769,baseline,WEB_ZIP,rlwa-web-zip,web,zip,1790587489.3839092,200,7322.116916999221,7322.310541989282,2885,7248bfc9-c67a-41d5-9a4d-36a63f1cb316,,2026/09/28/rlwa-web-zip[8]a6285af718594b75aee73cc43efb1479,True,327.94,6830.0,1769.0,237.0,6501.38,,,261.0,270.0,5848.0,5878.0,,,True,,
mem1769-r2,1769,baseline,WEB_ZIP,rlwa-web-zip,web,zip,1790587489.38398,200,8219.669625163078,8220.236708177254,2885,5169f9a8-a313-45a5-b388-d8ae3f82a45f,,2026/09/28/rlwa-web-zip[8]82012511f5d64556ae86dce19f095583,True,374.92,7680.0,1769.0,238.0,7304.39,,,301.0,294.0,6451.0,6487.0,,,True,,
mem1769-r2,1769,baseline,WEB_ZIP,rlwa-web-zip,web,zip,1790587489.38405,200,7396.244208095595,7396.6164579615,2885,64da9906-09a1-4b26-9db8-b2d486ae4ebb,,2026/09/28/rlwa-web-zip[8]2428d2f0fd584fe3b88961b42d929eff,True,333.4,6890.0,1769.0,239.0,6555.67,,,269.0,316.0,5907.0,5945.0,,,True,,
mem1769-r2,1769,baseline,WEB_ZIP,rlwa-web-zip,web,zip,1790587489.384085,200,7437.093040905893,7437.529082875699,2885,e2b9fd3d-e214-4aad-8cdd-87d91c3f5041,,2026/09/28/rlwa-web-zip[8]b22b215051e64989977e787b333c89ad,True,329.38,6929.0,1769.0,239.0,6598.75,,,248.0,276.0,5885.0,5923.0,,,True,,
mem1769-r2,1769,baseline,WEB_ZIP,rlwa-web-zip,web,zip,1790587489.3834848,200,7372.220667079091,7372.73387494497,2885,1c6cd37b-694a-4600-9f1a-0abd678f9354,,2026/09/28/rlwa-web-zip[8]b65182bc756f45d98ef113b89c219a04,True,326.45,6865.0,1769.0,240.0,6537.63,,,240.0,237.0,5846.0,5884.0,,,True,,
mem1769-r2,1769,baseline,API_ZIP,rlwa-api-zip,api,zip,1790587507.487594,200,7768.393584061414,7768.557250034064,493,faae3d8b-87e0-4783-bbbf-d93d3baef1d8,,2026/09/28/rlwa-api-zip[8]6e301fa5a20a4d7683b99d19ee9d5ad8,True,272.39,7250.0,1769.0,237.0,6976.77,,,299.0,314.0,6138.0,6177.0,,,True,,
mem1769-r2,1769,baseline,API_ZIP,rlwa-api-zip,api,zip,1790587507.487655,200,6807.990959146991,6808.383250143379,493,4b92666e-23f3-49a6-89cc-f78484d31166,,2026/09/28/rlwa-api-zip[8]7215d8d1efc94f35806035df86d87874,True,232.72,6280.0,1769.0,237.0,6047.07,,,255.0,283.0,5445.0,5473.0,,,True,,
mem1769-r2,1769,baseline,API_ZIP,rlwa-api-zip,api,zip,1790587507.48803,200,7113.851249916479,7114.297042135149,493,de80b242-88e7-4561-aac6-772f6acd4ef7,,2026/09/28/rlwa-api-zip[8]046d14e083334aa78a0e206c2a1d0cb5,True,246.75,6583.0,1769.0,237.0,6335.57,,,259.0,282.0,5616.0,5649.0,,,True,,
mem1769-r2,1769,baseline,API_ZIP,rlwa-api-zip,api,zip,1790587507.487726,200,7108.239874942228,7108.796583022922,493,8123a73b-59d8-4d86-8c10-1ac78762eb0c,,2026/09/28/rlwa-api-zip[8]eb1d02ea469644748c94f3ae0565080d,True,253.97,6582.0,1769.0,239.0,6327.12,,,282.0,312.0,5641.0,5675.0,,,True,,
mem1769-r2,1769,baseline,API_ZIP,rlwa-api-zip,api,zip,1790587507.487818,200,6920.19758396782,6920.983249787241,493,2dad0a62-39a4-4656-9d59-f8c1d20a4136,,2026/09/28/rlwa-api-zip[8]edd9f7a8f1c34b31b8950768a46ce565,True,234.81,6388.0,1769.0,237.0,6152.26,,,245.0,267.0,5526.0,5560.0,,,True,,
mem1769-r2,1769,baseline,API_ZIP,rlwa-api-zip,api,zip,1790587507.487881,200,7770.31375002116,7770.448833936825,493,a9d8ea41-4340-41d0-b630-ac8b46d162a8,,2026/09/28/rlwa-api-zip[8]8e4fe49eb7b24e37bb8977fa12ad23e9,True,240.39,7223.0,1769.0,237.0,6981.68,,,292.0,322.0,6173.0,6210.0,,,True,,
mem1769-r2,1769,baseline,API_ZIP,rlwa-api-zip,api,zip,1790587507.487998,200,7153.721458977088,7154.261042131111,493,272f4483-b774-4524-b568-4cfd08b90a97,,2026/09/28/rlwa-api-zip[8]6be0841d11e942f98b7bd4cbef401d51,True,228.62,6637.0,1769.0,237.0,6408.1,,,263.0,286.0,5728.0,5761.0,,,True,,
mem1769-r2,1769,baseline,API_ZIP,rlwa-api-zip,api,zip,1790587507.487925,200,7728.772916132584,7728.928165975958,493,79b7709d-fb99-4ba4-9f83-441ebe1c53fe,,2026/09/28/rlwa-api-zip[8]8a069424df314f38803f7a9b5cde3b11,True,241.13,7193.0,1769.0,239.0,6951.62,,,296.0,335.0,6150.0,6183.0,,,True,,
mem1769-r2,1769,baseline,API_ZIP,rlwa-api-zip,api,zip,1790587507.487966,200,7731.461584102362,7731.577167054638,493,39bd40cb-3717-40d1-a77b-185afddd4f1a,,2026/09/28/rlwa-api-zip[8]1a4a30f777114ee3a16e459d8294a6c0,True,281.88,7195.0,1769.0,237.0,6912.76,,,286.0,332.0,6126.0,6162.0,,,True,,
mem1769-r2,1769,baseline,API_ZIP,rlwa-api-zip,api,zip,1790587507.487472,200,7699.833250138909,7700.3419999964535,493,de878357-2612-4a19-be34-3a1c2d1e75c0,,2026/09/28/rlwa-api-zip[8]c4ad2eef351d4f93ab341d0d6229ad8a,True,248.08,7139.0,1769.0,239.0,6890.56,,,290.0,324.0,6050.0,6085.0,,,True,,
mem3008-r1,3008,baseline,WEB_CONTAINER,rlwa-web-container,web,container,1790587632.927924,200,3055.8659171219915,3056.502958992496,2885,2deb66c2-d86a-4300-b5cf-be9e0f402f4a,,2026/09/28/rlwa-web-container[9]ec22f36d9fc64066a4193d9be74ec23f,True,242.89,2779.0,3008.0,211.0,2535.92,,,92.0,141.0,1994.0,2010.0,,,True,,
mem3008-r1,3008,baseline,WEB_CONTAINER,rlwa-web-container,web,container,1790587632.92797,200,2764.8295001126826,2765.03820810467,2885,69caa4df-b8e9-4923-bb8f-bc7890c848e7,,2026/09/28/rlwa-web-container[9]1a7f943ac807436aa205f10b5adf3d66,True,240.74,2465.0,3008.0,211.0,2223.8,,,66.0,140.0,1684.0,1702.0,,,True,,
mem3008-r1,3008,baseline,WEB_CONTAINER,rlwa-web-container,web,container,1790587632.928016,200,3469.5597500540316,3470.1525419950485,2885,edeecbba-af32-425e-81d3-435cc6906bb2,,2026/09/28/rlwa-web-container[9]f785ce6de743427eb3acb2f5ee097f92,True,253.94,3184.0,3008.0,211.0,2929.32,,,92.0,157.0,2205.0,2227.0,,,True,,
mem3008-r1,3008,baseline,WEB_CONTAINER,rlwa-web-container,web,container,1790587632.9280589,200,2837.784333154559,2837.989583145827,2885,e812f188-f05b-45d6-8a39-a80e08928070,,2026/09/28/rlwa-web-container[9]c266e8f048aa4761bf452af238446f67,True,244.07,2591.0,3008.0,209.0,2346.72,,,67.0,134.0,1778.0,1796.0,,,True,,
mem3008-r1,3008,baseline,WEB_CONTAINER,rlwa-web-container,web,container,1790587632.928239,200,3468.161500059068,3469.5608329493552,2885,80ed4353-5a4c-47cc-9768-57166ee2fd43,,2026/09/28/rlwa-web-container[9]3b93a3bde924478d86adf3473f132c5b,True,275.9,3204.0,3008.0,212.0,2927.33,,,92.0,145.0,2201.0,2225.0,,,True,,
mem3008-r1,3008,baseline,WEB_CONTAINER,rlwa-web-container,web,container,1790587632.9281468,200,2911.0140420962125,2911.58275003545,2885,a6bd9654-0893-4333-b68f-c89dd5043c84,,2026/09/28/rlwa-web-container[9]23d7c340e14248a79f042709d0b7ebaa,True,218.26,2633.0,3008.0,210.0,2414.33,,,52.0,115.0,1830.0,1850.0,,,True,,
mem3008-r1,3008,baseline,WEB_CONTAINER,rlwa-web-container,web,container,1790587632.928112,200,3394.8529169429094,3395.6384588964283,2885,e3a9487f-cccf-4309-98a6-a0209c8dc7b1,,2026/09/28/rlwa-web-container[9]184d1394b478465da06172806970dc74,True,281.45,3134.0,3008.0,210.0,2852.02,,,86.0,153.0,2166.0,2190.0,,,True,,
mem3008-r1,3008,baseline,WEB_CONTAINER,rlwa-web-container,web,container,1790587632.9282072,200,3410.364917013794,3410.8432920183986,2885,7e78e865-e3a4-4f67-b864-8f14a969ae80,,2026/09/28/rlwa-web-container[9]b63f298c8db84d768fd71941f526e4af,True,247.51,3146.0,3008.0,211.0,2898.23,,,95.0,151.0,2194.0,2215.0,,,True,,
mem3008-r1,3008,baseline,WEB_CONTAINER,rlwa-web-container,web,container,1790587632.928183,200,3450.0772091560066,3450.985792092979,2885,b3fd5f3d-5def-46be-b700-8da8851906e0,,2026/09/28/rlwa-web-container[9]b7fde5678fcd41e985a86fbc7143c61f,True,285.21,3179.0,3008.0,212.0,2893.7,,,84.0,157.0,2223.0,2247.0,,,True,,
mem3008-r1,3008,baseline,WEB_CONTAINER,rlwa-web-container,web,container,1790587632.927779,200,3402.1635837852955,3402.857624925673,2885,d4a2e92a-42f2-4991-b971-8313ee2e4c12,,2026/09/28/rlwa-web-container[9]89e4c66eeb0e48c6a4a30bf32d538544,True,272.23,3132.0,3008.0,212.0,2859.72,,,73.0,100.0,2168.0,2190.0,,,True,,
mem3008-r1,3008,baseline,API_CONTAINER,rlwa-api-container,api,container,1790587646.213196,200,3344.9353750329465,3345.0622921809554,493,46999f8d-d55f-44be-9a3d-450922bfa777,,2026/09/28/rlwa-api-container[9]9d1eca17cae64f428149b0ca876f5b7a,True,191.82,3052.0,3008.0,207.0,2859.8,,,77.0,106.0,2140.0,2155.0,,,True,,
mem3008-r1,3008,baseline,API_CONTAINER,rlwa-api-container,api,container,1790587646.2133188,200,3199.1191250272095,3199.8850412201136,493,eb927e40-bfd8-43c5-9a34-2092650e84f5,,2026/09/28/rlwa-api-container[9]6d6ed96567484ad9ade46623956adee2,True,208.97,2939.0,3008.0,208.0,2729.84,,,69.0,104.0,2088.0,2103.0,,,True,,
mem3008-r1,3008,baseline,API_CONTAINER,rlwa-api-container,api,container,1790587646.213262,200,3273.7840411718935,3273.913666140288,493,621fb1b1-7827-465f-9d89-57fa665bfc6b,,2026/09/28/rlwa-api-container[9]3e3d9a718b7141f9949f30320d16aaee,True,191.74,3005.0,3008.0,203.0,2812.55,,,85.0,115.0,2154.0,2171.0,,,True,,
mem3008-r1,3008,baseline,API_CONTAINER,rlwa-api-container,api,container,1790587646.2134259,200,3282.707958947867,3282.8420838341117,493,2039a76b-dbce-497a-a2b1-8630e2a71d39,,2026/09/28/rlwa-api-container[9]88aa80e5cc2244de80791b0a7645e3a8,True,220.85,3003.0,3008.0,210.0,2781.48,,,60.0,108.0,2103.0,2119.0,,,True,,
mem3008-r1,3008,baseline,API_CONTAINER,rlwa-api-container,api,container,1790587646.2135592,200,2758.68900003843,2759.2187081463635,493,12286745-5dd5-433e-8f4d-fedcfb75071c,,2026/09/28/rlwa-api-container[9]1c3d80fcc06943f9a855e1c752c5a8c5,True,184.19,2496.0,3008.0,213.0,2311.06,,,73.0,100.0,1735.0,1748.0,,,True,,
mem3008-r1,3008,baseline,API_CONTAINER,rlwa-api-container,api,container,1790587646.213388,200,2731.0620830394328,2731.5887499134988,493,78a6e14a-5dd3-4c51-a709-78c98ae18128,,2026/09/28/rlwa-api-container[9]ae435129c6a04f99b507a5a316daf06c,True,195.57,2485.0,3008.0,205.0,2289.21,,,71.0,99.0,1761.0,1774.0,,,True,,
mem3008-r1,3008,baseline,API_CONTAINER,rlwa-api-container,api,container,1790587646.213641,200,3256.616583094001,3256.8873749114573,493,8e8edcf5-086b-445b-ae7d-c9cb57e48c1f,,2026/09/28/rlwa-api-container[9]fbd827ce97c54c5581f48c81e69f372b,True,217.64,2995.0,3008.0,205.0,2776.99,,,80.0,108.0,2119.0,2135.0,,,True,,
mem3008-r1,3008,baseline,API_CONTAINER,rlwa-api-container,api,container,1790587646.213494,200,2709.9122079089284,2710.260999854654,493,1c707fa5-5ff0-4110-81f1-445b7c82c8b4,,2026/09/28/rlwa-api-container[9]8d645d0185504e68a5ed7477364bf44c,True,209.5,2456.0,3008.0,205.0,2246.25,,,64.0,112.0,1702.0,1717.0,,,True,,
mem3008-r1,3008,baseline,API_CONTAINER,rlwa-api-container,api,container,1790587646.2136,200,3324.4106660131365,3324.5444579515606,493,8635f62b-4ab4-4618-9968-cfc765e84e2d,,2026/09/28/rlwa-api-container[9]4d9fb4ba9e2b4910b5dfdf30ff1aeff7,True,193.74,3027.0,3008.0,208.0,2832.72,,,66.0,108.0,2133.0,2148.0,,,True,,
mem3008-r1,3008,baseline,API_CONTAINER,rlwa-api-container,api,container,1790587646.213046,200,2719.9881670530885,2720.4255000688136,493,6499345d-8c4a-4954-95ff-394e9ceb8672,,2026/09/28/rlwa-api-container[9]24e42e732aed4794958965c452f744ec,True,195.21,2468.0,3008.0,209.0,2272.77,,,54.0,91.0,1705.0,1719.0,,,True,,
mem3008-r1,3008,baseline,WEB_SNAPSTART,rlwa-web-snapstart,web,snapstart,1790587659.304491,200,1359.1744999866933,1360.3819161653519,2885,00d7d55e-01bc-4488-b4eb-eec4d72db7da,,2026/09/28/rlwa-web-snapstart[9]8020955cdb450b8b3165edfd090d03a1,True,468.79,493.0,3008.0,214.0,,604.14,24.0,,,,,0.0,,True,,
mem3008-r1,3008,baseline,WEB_SNAPSTART,rlwa-web-snapstart,web,snapstart,1790587659.304543,200,1009.7602501045913,1012.7489590086043,2885,2c0b6ab0-c4c9-436c-9097-e2668964d7b3,,2026/09/28/rlwa-web-snapstart[9]89ae668f8e4b6ad77f464ea810a6b55a,True,325.33,347.0,3008.0,215.0,,413.33,21.0,,,,,0.0,,True,,
mem3008-r1,3008,baseline,WEB_SNAPSTART,rlwa-web-snapstart,web,snapstart,1790587659.3045938,200,1331.1717079486698,1332.7685410622507,2885,ca315d99-ff20-4a75-a97d-dd50d471d329,,2026/09/28/rlwa-web-snapstart[9]05fad8ba0a481e7e1d7c0f4d43ef36e1,True,330.2,354.0,3008.0,213.0,,723.52,23.0,,,,,0.0,,True,,
mem3008-r1,3008,baseline,WEB_SNAPSTART,rlwa-web-snapstart,web,snapstart,1790587659.304628,200,1130.7879169471562,1131.2848750967532,2885,66147179-b884-4e47-9085-5d412698f4da,,2026/09/28/rlwa-web-snapstart[9]bbfb790ac8ac9f404757b576e3e18bbf,True,393.56,414.0,3008.0,215.0,,466.53,20.0,,,,,0.0,,True,,
mem3008-r1,3008,baseline,WEB_SNAPSTART,rlwa-web-snapstart,web,snapstart,1790587659.3046908,200,1359.4509998802096,1360.3179168421775,2885,7540bcb1-07a0-464f-8a4e-23aa3616c0f6,,2026/09/28/rlwa-web-snapstart[9]acd297a1ae6e35878bd1170c625d2156,True,383.5,411.0,3008.0,213.0,,682.05,27.0,,,,,0.0,,True,,
mem3008-r1,3008,baseline,WEB_SNAPSTART,rlwa-web-snapstart,web,snapstart,1790587659.304849,200,964.578207815066,965.6389579176903,2885,30d0897f-42e8-4447-81f1-6f8a5fa106db,,2026/09/28/rlwa-web-snapstart[9]8ca9305b6d2487f7d1645e76ce35f177,True,244.39,266.0,3008.0,216.0,,447.93,21.0,,,,,0.0,,True,,
mem3008-r1,3008,baseline,WEB_SNAPSTART,rlwa-web-snapstart,web,snapstart,1790587659.3047822,200,1113.7096660677344,1114.159916061908,2885,63cbf913-fe17-4525-a6c9-692940579432,,2026/09/28/rlwa-web-snapstart[9]c0a9b4f76643ce1d523ba6f99cc0c23a,True,367.41,389.0,3008.0,215.0,,472.34,21.0,,,,,0.0,,True,,
mem3008-r1,3008,baseline,WEB_SNAPSTART,rlwa-web-snapstart,web,snapstart,1790587659.304818,200,1157.6078340876848,1158.2635841332376,2885,d64242a8-23d5-4dff-8601-4cc10b20bf17,,2026/09/28/rlwa-web-snapstart[9]eb37aec4b195dabac02ff4c515dc842b,True,388.54,409.0,3008.0,215.0,,498.69,20.0,,,,,0.0,,True,,
mem3008-r1,3008,baseline,WEB_SNAPSTART,rlwa-web-snapstart,web,snapstart,1790587659.304904,200,1069.0807499922812,1069.3889579270035,2885,346decb4-a024-4340-bfaf-a014c536413c,,2026/09/28/rlwa-web-snapstart[9]0460e7c53a7d8058ffcd8612ed94c19b,True,339.3,361.0,3008.0,216.0,,452.41,21.0,,,,,0.0,,True,,
mem3008-r1,3008,baseline,WEB_SNAPSTART,rlwa-web-snapstart,web,snapstart,1790587659.304368,200,1077.9467499814928,1078.3755420707166,2885,f4bba8c9-0da8-47d7-ae4f-a5154cc07412,,2026/09/28/rlwa-web-snapstart[9]40a5708409eb4f18b931db8afa7dad81,True,328.77,348.0,3008.0,215.0,,476.47,19.0,,,,,0.0,,True,,
mem3008-r1,3008,baseline,API_SNAPSTART,rlwa-api-snapstart,api,snapstart,1790587675.487478,200,990.5541250482202,992.2690410166979,493,790b1f70-6b8d-427c-9bb3-9f5f64f6feaa,,2026/09/28/rlwa-api-snapstart[9]4dc1b18cdc2e0676427458decda0a9ce,True,264.68,283.0,3008.0,207.0,,466.42,18.0,,,,,0.0,,True,,
mem3008-r1,3008,baseline,API_SNAPSTART,rlwa-api-snapstart,api,snapstart,1790587675.487728,200,930.4333329200745,931.0432909987867,493,0c7f5db6-2103-467c-9262-6ac7bac7c8b2,,2026/09/28/rlwa-api-snapstart[9]7e4e28c5c7e358b9265053b2f7597d6e,True,219.09,239.0,3008.0,207.0,,459.94,19.0,,,,,0.0,,True,,
mem3008-r1,3008,baseline,API_SNAPSTART,rlwa-api-snapstart,api,snapstart,1790587675.4875991,200,945.7194581627846,946.1760830599815,493,47ae885f-f105-454d-9521-a735f473565d,,2026/09/28/rlwa-api-snapstart[9]0e0e9994b7cce2323e5a9a384dee973a,True,225.0,243.0,3008.0,207.0,,461.05,18.0,,,,,0.0,,True,,
mem3008-r1,3008,baseline,API_SNAPSTART,rlwa-api-snapstart,api,snapstart,1790587675.48754,200,843.0455829948187,843.6145409941673,493,2ef40280-bdd9-4692-83e1-7ad605b5cf23,,2026/09/28/rlwa-api-snapstart[9]c717180682cc4b9bafa9c728b5deff50,True,237.18,255.0,3008.0,208.0,,381.52,17.0,,,,,0.0,,True,,
mem3008-r1,3008,baseline,API_SNAPSTART,rlwa-api-snapstart,api,snapstart,1790587675.4876711,200,1026.8644171301275,1027.1250421646982,493,14c89fbf-6d6a-4bd2-926d-c095b03c149f,,2026/09/28/rlwa-api-snapstart[9]eed2560903648d6b34a5b32ab4dc882a,True,256.75,275.0,3008.0,207.0,,517.68,18.0,,,,,0.0,,True,,
mem3008-r1,3008,baseline,API_SNAPSTART,rlwa-api-snapstart,api,snapstart,1790587675.4878972,200,1229.765750002116,1230.3893330972642,493,27470d97-9ec7-473d-8c88-7b8e941c8d82,,2026/09/28/rlwa-api-snapstart[9]371aad2ab9b22cdb5e9691ec44cdaf6b,True,240.53,260.0,3008.0,207.0,,399.66,19.0,,,,,0.0,,True,,
mem3008-r1,3008,baseline,API_SNAPSTART,rlwa-api-snapstart,api,snapstart,1790587675.487861,200,967.8532918915153,968.5476669110358,493,23c04e4c-98c5-494c-8fcc-5d52e36b9e97,,2026/09/28/rlwa-api-snapstart[9]247e325825e0374623962ef50dce55db,True,275.65,294.0,3008.0,207.0,,451.44,18.0,,,,,0.0,,True,,
mem3008-r1,3008,baseline,API_SNAPSTART,rlwa-api-snapstart,api,snapstart,1790587675.487774,200,971.2923329789191,971.8357918318361,493,f68d7b15-c680-4143-8609-52bbc9f44ce9,,2026/09/28/rlwa-api-snapstart[9]9b528f931eccfb74932838ee5bb193c3,True,248.88,266.0,3008.0,208.0,,505.24,17.0,,,,,0.0,,True,,
mem3008-r1,3008,baseline,API_SNAPSTART,rlwa-api-snapstart,api,snapstart,1790587675.487815,200,867.8181250579655,869.1455000080168,493,a950c2f1-cfb9-41fc-bee2-b08311e83240,,2026/09/28/rlwa-api-snapstart[9]841a642903a178d0bd1e4b64422f0f4e,True,224.52,242.0,3008.0,207.0,,423.58,17.0,,,,,0.0,,True,,
mem3008-r1,3008,baseline,API_SNAPSTART,rlwa-api-snapstart,api,snapstart,1790587675.487353,200,992.8364581428468,993.2268331758678,493,b7c95107-e576-45b2-83d1-078d894ee168,,2026/09/28/rlwa-api-snapstart[9]f04fddc91df2726200a85642473e7a0e,True,205.24,223.0,3008.0,208.0,,553.97,17.0,,,,,0.0,,True,,
mem3008-r1,3008,baseline,WEB_ZIP,rlwa-web-zip,web,zip,1790587690.234331,200,7335.338916163892,7336.292333202437,2885,7d472c10-31da-442e-a77e-0a4cc5573307,,2026/09/28/rlwa-web-zip[9]9898dfa0b1fd415ca3730e8fca6f98b3,True,315.05,6836.0,3008.0,242.0,6520.61,,,253.0,240.0,5793.0,5825.0,,,True,,
mem3008-r1,3008,baseline,WEB_ZIP,rlwa-web-zip,web,zip,1790587690.234405,200,8189.005749998614,8189.46549994871,2885,43236b6b-262b-4a6f-b8ac-9462d6159b12,,2026/09/28/rlwa-web-zip[9]f7936522555443de9a935ff1e68a4cb0,True,357.32,7594.0,3008.0,239.0,7236.16,,,293.0,279.0,6376.0,6411.0,,,True,,
mem3008-r1,3008,baseline,WEB_ZIP,rlwa-web-zip,web,zip,1790587690.2344801,200,8229.29925005883,8229.731749976054,2885,7a1af148-382d-41d4-b3df-007fb4bb01f6,,2026/09/28/rlwa-web-zip[9]ca3e549e58b84f17b37a79c98732392f,True,387.96,7693.0,3008.0,241.0,7304.78,,,297.0,335.0,6490.0,6527.0,,,True,,
mem3008-r1,3008,baseline,WEB_ZIP,rlwa-web-zip,web,zip,1790587690.2345269,200,7369.2727079615,7369.586457964033,2885,b51b15ff-48ec-49fc-9aa5-143b619288e6,,2026/09/28/rlwa-web-zip[9]abf6fd2326ee41049544a5c47e4f2926,True,329.42,6863.0,3008.0,238.0,6533.54,,,241.0,246.0,5869.0,5903.0,,,True,,
mem3008-r1,3008,baseline,WEB_ZIP,rlwa-web-zip,web,zip,1790587690.234776,200,7126.953292172402,7127.362375147641,2885,fb1707df-01f8-4e5a-956a-e3f63ab6b762,,2026/09/28/rlwa-web-zip[9]8e73121d66ba48278c3552e540640003,True,315.89,6628.0,3008.0,239.0,6311.67,,,234.0,274.0,5729.0,5755.0,,,True,,
mem3008-r1,3008,baseline,WEB_ZIP,rlwa-web-zip,web,zip,1790587690.2345989,200,7344.580583041534,7344.992832979187,2885,f44da328-f8d7-46da-a5d4-5fce5f147d6e,,2026/09/28/rlwa-web-zip[9]848a242f6bae4378a2cc02d8f0274c06,True,313.73,6842.0,3008.0,240.0,6528.24,,,248.0,271.0,5816.0,5847.0,,,True,,
mem3008-r1,3008,baseline,WEB_ZIP,rlwa-web-zip,web,zip,1790587690.234646,200,7328.7682922091335,7329.529999988154,2885,7858e12c-b009-47cd-bafa-0883113822ac,,2026/09/28/rlwa-web-zip[9]aa0a904cff8e4206aa845c115953e6e5,True,316.23,6818.0,3008.0,240.0,6501.1,,,238.0,255.0,5798.0,5828.0,,,True,,
mem3008-r1,3008,baseline,WEB_ZIP,rlwa-web-zip,web,zip,1790587690.234742,200,8184.579165885225,8185.144332936034,2885,3caa4612-094b-4095-a31f-4b0fd81a7052,,2026/09/28/rlwa-web-zip[9]86e02bbcc93541228b463cb6bef86c14,True,362.62,7632.0,3008.0,239.0,7268.54,,,295.0,321.0,6481.0,6513.0,,,True,,
mem3008-r1,3008,baseline,WEB_ZIP,rlwa-web-zip,web,zip,1790587690.23469,200,7476.154207950458,7476.633791811764,2885,9c5f2d28-4886-4637-a423-be89f3674498,,2026/09/28/rlwa-web-zip[9]5191a267756743d3b96929c78b45f51a,True,313.59,6973.0,3008.0,238.0,6659.08,,,255.0,265.0,5963.0,5994.0,,,True,,
mem3008-r1,3008,baseline,WEB_ZIP,rlwa-web-zip,web,zip,1790587690.2341928,200,7472.183750011027,7472.374208038673,2885,7bf2b08b-7839-4179-9f07-2bce15cf966e,,2026/09/28/rlwa-web-zip[9]fe8a092c87094c3f8b5c70f04f137555,True,317.14,6926.0,3008.0,239.0,6608.27,,,247.0,264.0,5804.0,5833.0,,,True,,
mem3008-r1,3008,baseline,API_ZIP,rlwa-api-zip,api,zip,1790587708.146225,200,7625.332165975124,7625.653791008517,493,a9d4f157-1688-434c-a752-59f4d4d5d0d8,,2026/09/28/rlwa-api-zip[9]0c54956ea2df4e49969a26addd363068,True,272.48,7088.0,3008.0,237.0,6814.6,,,334.0,300.0,6099.0,6127.0,,,True,,
mem3008-r1,3008,baseline,API_ZIP,rlwa-api-zip,api,zip,1790587708.14628,200,6918.150708079338,6918.576167197898,493,a9176129-076a-41f0-ad55-24ae0ac920fe,,2026/09/28/rlwa-api-zip[9]acf25d801c644bf1ae9d172b68974dcf,True,236.53,6404.0,3008.0,239.0,6166.62,,,259.0,284.0,5590.0,5615.0,,,True,,
mem3008-r1,3008,baseline,API_ZIP,rlwa-api-zip,api,zip,1790587708.1463292,200,7496.341249905527,7496.546416077763,493,5674482a-24df-415b-97d5-ddb16a406717,,2026/09/28/rlwa-api-zip[9]ed9d5ef683a94d298953193babebc1c8,True,230.4,6927.0,3008.0,234.0,6696.03,,,311.0,278.0,5968.0,5994.0,,,True,,
mem3008-r1,3008,baseline,API_ZIP,rlwa-api-zip,api,zip,1790587708.146379,200,6738.040582975373,6738.413791870698,493,622fa7d9-272a-4201-82f7-dd75aa6ae42c,,2026/09/28/rlwa-api-zip[9]d808ee2129f344a7bb7631006195e47c,True,201.53,6253.0,3008.0,239.0,6051.06,,,248.0,269.0,5505.0,5530.0,,,True,,
mem3008-r1,3008,baseline,API_ZIP,rlwa-api-zip,api,zip,1790587708.146679,200,6789.18966720812,6789.533959003165,493,7e1d6977-59ce-400d-906f-bde5e11a595c,,2026/09/28/rlwa-api-zip[9]1d8414ecc5f842089f3ea17978115e61,True,230.22,6277.0,3008.0,237.0,6045.92,,,256.0,275.0,5439.0,5466.0,,,True,,
mem3008-r1,3008,baseline,API_ZIP,rlwa-api-zip,api,zip,1790587708.146431,200,6811.948457965627,6812.308666063473,493,9c37d5a2-8ee8-41a7-8813-4abd7d7bc78f,,2026/09/28/rlwa-api-zip[9]c079fa5dd5ff491b9f35fba6fced881b,True,231.1,6304.0,3008.0,234.0,6072.84,,,280.0,250.0,5476.0,5499.0,,,True,,
mem3008-r1,3008,baseline,API_ZIP,rlwa-api-zip,api,zip,1790587708.1465118,200,7770.668833050877,7771.04274998419,493,c991db03-2453-4f81-8a34-ac75234e68fa,,2026/09/28/rlwa-api-zip[9]f7e1e45564694341949d16d3e682af37,True,256.16,7188.0,3008.0,236.0,6931.11,,,287.0,295.0,6137.0,6167.0,,,True,,
mem3008-r1,3008,baseline,API_ZIP,rlwa-api-zip,api,zip,1790587708.146623,200,7720.000166911632,7720.294791972265,493,2758aed5-d6c8-48e9-a58f-4153026a271e,,2026/09/28/rlwa-api-zip[9]a11b42d8351b422d9a945272d53d99fe,True,260.2,7146.0,3008.0,238.0,6885.1,,,292.0,311.0,6130.0,6158.0,,,True,,
mem3008-r1,3008,baseline,API_ZIP,rlwa-api-zip,api,zip,1790587708.146585,200,7470.406000036746,7470.760999945924,493,1c5d09c8-f8e2-4f3c-93ff-c78cfd489b7e,,2026/09/28/rlwa-api-zip[9]53617f515f1845e99d4891c202aa26c5,True,231.43,6898.0,3008.0,235.0,6666.37,,,310.0,292.0,5936.0,5964.0,,,True,,
mem3008-r1,3008,baseline,API_ZIP,rlwa-api-zip,api,zip,1790587708.146098,200,6796.159958932549,6796.479749958962,493,cc85bafa-e9a5-4b36-bb4e-e1b401168079,,2026/09/28/rlwa-api-zip[9]ecc2e9db2f324dc992162d2fd11454cf,True,199.06,6293.0,3008.0,239.0,6093.05,,,262.0,279.0,5509.0,5532.0,,,True,,
mem3008-r2,3008,baseline,WEB_CONTAINER,rlwa-web-container,web,container,1790587827.756842,200,3359.7861661110073,3359.958207933232,2885,32ed544d-07db-466b-9a0c-735b8f33b387,,2026/09/28/rlwa-web-container[10]edd7dd0539c2417a9128eeaab1fa7b50,True,257.64,3124.0,3008.0,210.0,2866.05,,,88.0,153.0,2195.0,2219.0,,,True,,
mem3008-r2,3008,baseline,WEB_CONTAINER,rlwa-web-container,web,container,1790587827.7568908,200,3353.389000054449,3353.6581250373274,2885,684736e6-1ceb-4db9-a6e8-ada1147af49d,,2026/09/28/rlwa-web-container[10]21cc9c16f1554bff8bb4df70b58d3ee6,True,271.58,3130.0,3008.0,213.0,2857.53,,,92.0,162.0,2189.0,2208.0,,,True,,
mem3008-r2,3008,baseline,WEB_CONTAINER,rlwa-web-container,web,container,1790587827.756931,200,3295.148791046813,3295.6177501473576,2885,e3b23f3e-5e86-4269-bcf9-8f270c1cd15e,,2026/09/28/rlwa-web-container[10]563a1d52fabf4f84b639136b2d338514,True,245.5,2979.0,3008.0,210.0,2733.31,,,101.0,155.0,2158.0,2174.0,,,True,,
mem3008-r2,3008,baseline,WEB_CONTAINER,rlwa-web-container,web,container,1790587827.757047,200,3417.6009581424296,3418.0110001470894,2885,df4c01ef-9a20-4f95-b27c-fca45d85b21e,,2026/09/28/rlwa-web-container[10]86979b43a3744ab3ac6ae69add9c191a,True,249.8,3140.0,3008.0,211.0,2889.92,,,89.0,155.0,2208.0,2229.0,,,True,,
mem3008-r2,3008,baseline,WEB_CONTAINER,rlwa-web-container,web,container,1790587827.756963,200,3586.580666946247,3586.9025830179453,2885,502f50a7-ef85-432c-8b81-2e9a57539149,,2026/09/28/rlwa-web-container[10]f18837b2f0a34bed817c99efb99fe659,True,275.58,3314.0,3008.0,210.0,3037.86,,,90.0,166.0,2326.0,2352.0,,,True,,
mem3008-r2,3008,baseline,WEB_CONTAINER,rlwa-web-container,web,container,1790587827.756994,200,3298.8916249014437,3299.2616249248385,2885,dce3cf58-a9f2-4112-baed-61388354dd0c,,2026/09/28/rlwa-web-container[10]b9fa08d358334cceba34978378133a84,True,276.63,3041.0,3008.0,210.0,2763.7,,,82.0,153.0,2113.0,2137.0,,,True,,
mem3008-r2,3008,baseline,WEB_CONTAINER,rlwa-web-container,web,container,1790587827.757021,200,3346.804542001337,3347.0158751588315,2885,97dcf071-9587-4ff8-8fe1-7d04d68d6092,,2026/09/28/rlwa-web-container[10]c69ea00f867e422fb91af8db7c4be175,True,255.14,3066.0,3008.0,210.0,2810.24,,,84.0,148.0,2116.0,2139.0,,,True,,
mem3008-r2,3008,baseline,WEB_CONTAINER,rlwa-web-container,web,container,1790587827.7571142,200,3552.842834033072,3553.035333985463,2885,45ccc416-fbdf-4a02-ad6f-3b18b60afe16,,2026/09/28/rlwa-web-container[10]c141c90414c547acabf6af01bc017bdb,True,263.44,3310.0,3008.0,212.0,3045.99,,,91.0,162.0,2319.0,2345.0,,,True,,
mem3008-r2,3008,baseline,WEB_CONTAINER,rlwa-web-container,web,container,1790587827.757076,200,3541.347957914695,3541.4937080349773,2885,c323f6a1-9940-41d6-90a1-60f00b1e1a50,,2026/09/28/rlwa-web-container[10]a59e810889c04c0d859a1c558ec8b73e,True,269.8,3293.0,3008.0,212.0,3023.11,,,86.0,154.0,2261.0,2283.0,,,True,,
mem3008-r2,3008,baseline,WEB_CONTAINER,rlwa-web-container,web,container,1790587827.7567139,200,3344.537833938375,3344.816124998033,2885,9d16738e-2548-4b5b-8654-e855817b58b1,,2026/09/28/rlwa-web-container[10]9b10bb6e2b974e25937188e441c018a2,True,263.52,3093.0,3008.0,211.0,2828.64,,,88.0,158.0,2174.0,2194.0,,,True,,
mem3008-r2,3008,baseline,API_CONTAINER,rlwa-api-container,api,container,1790587841.0860212,200,2579.235542099923,2579.6228339895606,493,ff544f27-dc46-4933-b632-a925f539815c,,2026/09/28/rlwa-api-container[10]21cd44e71d2c4ecd954ce4f13c53851b,True,166.05,2400.0,3008.0,208.0,2233.06,,,57.0,100.0,1694.0,1708.0,,,True,,
mem3008-r2,3008,baseline,API_CONTAINER,rlwa-api-container,api,container,1790587841.0860748,200,3424.3800840340555,3424.560584127903,493,5f0a988b-677a-4d78-bf58-8549ca2ca06b,,2026/09/28/rlwa-api-container[10]201a4278670b4afeb5f487d1b4111300,True,230.39,3177.0,3008.0,207.0,2945.71,,,66.0,112.0,2260.0,2277.0,,,True,,
mem3008-r2,3008,baseline,API_CONTAINER,rlwa-api-container,api,container,1790587841.086132,200,3375.3367920871824,3375.5257499869913,493,13cf0df0-d865-4e41-a92d-f51d130d9d05,,2026/09/28/rlwa-api-container[10]3c851a3e1b3544dd99bb70082d9f9a93,True,212.68,3186.0,3008.0,207.0,2973.19,,,87.0,112.0,2273.0,2289.0,,,True,,
mem3008-r2,3008,baseline,API_CONTAINER,rlwa-api-container,api,container,1790587841.086355,200,3340.9633750561625,3341.2108342163265,493,699c32cf-ff94-4722-bf87-0391676dd84c,,2026/09/28/rlwa-api-container[10]ab50d62352614d3eb97e0366f6151866,True,253.64,3120.0,3008.0,205.0,2866.18,,,80.0,113.0,2176.0,2192.0,,,True,,
mem3008-r2,3008,baseline,API_CONTAINER,rlwa-api-container,api,container,1790587841.086174,200,3279.715250013396,3280.6342081166804,493,86c24d46-d8ed-4dbe-818a-acd010e3ba40,,2026/09/28/rlwa-api-container[10]7e020d8bd39d472b8fbd2c227519552d,True,222.08,3047.0,3008.0,205.0,2824.22,,,82.0,116.0,2153.0,2172.0,,,True,,
mem3008-r2,3008,baseline,API_CONTAINER,rlwa-api-container,api,container,1790587841.086217,200,3279.0977500844747,3280.4846670478582,493,6cca10c8-7720-4b92-a9cd-02df695926d5,,2026/09/28/rlwa-api-container[10]6d2cf73d62864eb199b955f7c41d18b3,True,192.41,3046.0,3008.0,209.0,2852.65,,,62.0,111.0,2162.0,2178.0,,,True,,
mem3008-r2,3008,baseline,API_CONTAINER,rlwa-api-container,api,container,1790587841.086285,200,3279.928541975096,3280.204459093511,493,09bc9805-3b88-49f4-a387-5532185ccecb,,2026/09/28/rlwa-api-container[10]eaed3686062a4a048ef8faf973b0a0a1,True,214.5,3081.0,3008.0,210.0,2865.77,,,62.0,113.0,2155.0,2171.0,,,True,,
mem3008-r2,3008,baseline,API_CONTAINER,rlwa-api-container,api,container,1790587841.086396,200,3278.228708077222,3279.9651250243187,493,4da23b75-c282-4b69-b66f-da9c89544ee7,,2026/09/28/rlwa-api-container[10]57092864788f4e25969d626ca6237647,True,215.75,3015.0,3008.0,209.0,2799.2,,,64.0,112.0,2150.0,2166.0,,,True,,
mem3008-r2,3008,baseline,API_CONTAINER,rlwa-api-container,api,container,1790587841.086455,200,2702.3679171688855,2702.5768749881536,493,a5315ddc-308f-40d8-832a-dada7f5bb93c,,2026/09/28/rlwa-api-container[10]8bc79ed2943b40e5aea65e1b4a22e0d9,True,184.15,2504.0,3008.0,205.0,2318.9,,,72.0,135.0,1785.0,1801.0,,,True,,
mem3008-r2,3008,baseline,API_CONTAINER,rlwa-api-container,api,container,1790587841.085839,200,2694.498083088547,2694.8754580225796,493,8aaba0b4-6801-426a-951e-74dae0b6fe66,,2026/09/28/rlwa-api-container[10]cf55e8d113aa49e2afeb213fa5682385,True,191.75,2281.0,3008.0,208.0,2088.51,,,58.0,96.0,1573.0,1587.0,,,True,,
mem3008-r2,3008,baseline,WEB_SNAPSTART,rlwa-web-snapstart,web,snapstart,1790587854.318618,200,1004.1503750253469,1005.1729171536863,2885,66c7f07f-dc11-421f-97a5-46e39e7304c5,,2026/09/28/rlwa-web-snapstart[10]bf898d7fe857a975d86202cb97a6c148,True,357.43,378.0,3008.0,212.0,,404.4,20.0,,,,,0.0,,True,,
mem3008-r2,3008,baseline,WEB_SNAPSTART,rlwa-web-snapstart,web,snapstart,1790587854.318357,200,1017.1465000603348,1017.4054589588195,2885,e98f2db8-d85b-46d0-a5a4-9c2b482ed941,,2026/09/28/rlwa-web-snapstart[10]cdb66882ea7d3c286400f104774b090d,True,343.95,364.0,3008.0,212.0,,474.19,20.0,,,,,0.0,,True,,
mem3008-r2,3008,baseline,WEB_SNAPSTART,rlwa-web-snapstart,web,snapstart,1790587854.318441,200,1101.1878750286996,1101.4845829922706,2885,5d7ab536-4369-417d-bb1a-0180a200c52d,,2026/09/28/rlwa-web-snapstart[10]a558c0f0f564d8071cc4d7b1a9a16f67,True,313.36,339.0,3008.0,212.0,,585.65,25.0,,,,,0.0,,True,,
mem3008-r2,3008,baseline,WEB_SNAPSTART,rlwa-web-snapstart,web,snapstart,1790587854.3185458,200,1219.6059578564018,1219.916374888271,2885,f6fcf8fd-dcf4-4091-8559-ee6e659006f6,,2026/09/28/rlwa-web-snapstart[10]18a2050b44e53bb6b537e0d201743769,True,460.98,486.0,3008.0,212.0,,559.44,25.0,,,,,0.0,,True,,
mem3008-r2,3008,baseline,WEB_SNAPSTART,rlwa-web-snapstart,web,snapstart,1790587854.318486,200,1004.6326669398695,1004.9470420926809,2885,a81e5d06-a8a8-4866-9049-cf436d38c1ee,,2026/09/28/rlwa-web-snapstart[10]433aef819df2066a23499c7f3c2d29c4,True,336.89,356.0,3008.0,212.0,,447.99,19.0,,,,,0.0,,True,,
mem3008-r2,3008,baseline,WEB_SNAPSTART,rlwa-web-snapstart,web,snapstart,1790587854.318729,200,1003.4118329640478,1004.5547080226243,2885,4b681761-3937-490d-8749-ddb48e7ea7f8,,2026/09/28/rlwa-web-snapstart[10]a87118099a65ff2e2a2387ee5856058c,True,301.38,324.0,3008.0,212.0,,478.54,22.0,,,,,0.0,,True,,
mem3008-r2,3008,baseline,WEB_SNAPSTART,rlwa-web-snapstart,web,snapstart,1790587854.318665,200,1067.5216249655932,1067.8127079736441,2885,62c45373-f0c5-46b0-9e28-0c6afe1b7430,,2026/09/28/rlwa-web-snapstart[10]d3a44864e3337092c4fd1b8b0bf99570,True,345.77,366.0,3008.0,212.0,,521.83,20.0,,,,,0.0,,True,,
mem3008-r2,3008,baseline,WEB_SNAPSTART,rlwa-web-snapstart,web,snapstart,1790587854.318793,200,1175.9108749683946,1176.209457917139,2885,10dea7c4-a276-4f2a-b479-b21aea919bac,,2026/09/28/rlwa-web-snapstart[10]9b98b49441f1696209f48771682ecf62,True,420.75,445.0,3008.0,212.0,,551.82,24.0,,,,,0.0,,True,,
mem3008-r2,3008,baseline,WEB_SNAPSTART,rlwa-web-snapstart,web,snapstart,1790587854.3188639,200,1204.1571659501642,1204.3687500990927,2885,72bb0a4b-dbf2-4e4c-8468-1b80787b8443,,2026/09/28/rlwa-web-snapstart[10]d4b9c5452acb624a150f08828761686e,True,434.06,460.0,3008.0,212.0,,562.9,25.0,,,,,0.0,,True,,
mem3008-r2,3008,baseline,WEB_SNAPSTART,rlwa-web-snapstart,web,snapstart,1790587854.318193,200,1172.1965000033379,1172.5407501216978,2885,610bcb33-607d-472d-abb6-f780bd12a00e,,2026/09/28/rlwa-web-snapstart[10]67a51153fb7c87560e458c9e4d19d6d9,True,411.2,432.0,3008.0,212.0,,563.25,20.0,,,,,0.0,,True,,
mem3008-r2,3008,baseline,API_SNAPSTART,rlwa-api-snapstart,api,snapstart,1790587864.8755782,200,987.4675411265343,987.7820410765707,493,984c4b66-2213-4e63-af1c-489b08e00340,,2026/09/28/rlwa-api-snapstart[10]24db41db80cae9650d3fdd6150d4cae6,True,302.51,330.0,3008.0,211.0,,528.35,27.0,,,,,0.0,,True,,
mem3008-r2,3008,baseline,API_SNAPSTART,rlwa-api-snapstart,api,snapstart,1790587864.875653,200,1036.5407501813024,1036.845208145678,493,5da6427f-2bdd-4657-9674-3f1f5fb0801d,,2026/09/28/rlwa-api-snapstart[10]c7cc45fec760ad792780243531c5bb8a,True,299.24,323.0,3008.0,211.0,,575.68,23.0,,,,,0.0,,True,,
mem3008-r2,3008,baseline,API_SNAPSTART,rlwa-api-snapstart,api,snapstart,1790587864.875711,200,851.4708750881255,851.88112501055,493,9daf637b-5c31-47e0-9b7f-1edffe02f290,,2026/09/28/rlwa-api-snapstart[10]a92454cce6aad75fd923c0801a0aeed3,True,250.3,269.0,3008.0,206.0,,439.77,18.0,,,,,0.0,,True,,
mem3008-r2,3008,baseline,API_SNAPSTART,rlwa-api-snapstart,api,snapstart,1790587864.8757892,200,868.987207999453,869.3122079130262,493,17ea7e4d-8688-4272-9315-b2c1952ee380,,2026/09/28/rlwa-api-snapstart[10]fa8cfcbd665d73f4a02a3c7b6f72b9a7,True,285.73,304.0,3008.0,207.0,,418.61,18.0,,,,,0.0,,True,,
mem3008-r2,3008,baseline,API_SNAPSTART,rlwa-api-snapstart,api,snapstart,1790587864.875953,200,829.7894159331918,830.1474580075592,493,2a0637cb-0697-4f3e-9650-03b4ab65723c,,2026/09/28/rlwa-api-snapstart[10]d2e59e3b0911ec2d88cdcca82360914f,True,229.28,247.0,3008.0,207.0,,428.68,17.0,,,,,0.0,,True,,
mem3008-r2,3008,baseline,API_SNAPSTART,rlwa-api-snapstart,api,snapstart,1790587864.875829,200,896.6782081406564,896.9947921577841,493,75001040-b6f8-456e-874b-331cfcd5955a,,2026/09/28/rlwa-api-snapstart[10]02f34c192b871c180b8789bd2a9d8e81,True,229.49,246.0,3008.0,207.0,,508.52,16.0,,,,,0.0,,True,,
mem3008-r2,3008,baseline,API_SNAPSTART,rlwa-api-snapstart,api,snapstart,1790587864.875871,200,850.8849591016769,851.3672919943929,493,e4e1b8a9-c3b1-4c03-9ee8-5dd712942a99,,2026/09/28/rlwa-api-snapstart[10]1c861832353179ef2489e26390ea7839,True,212.99,236.0,3008.0,207.0,,479.79,23.0,,,,,0.0,,True,,
mem3008-r2,3008,baseline,API_SNAPSTART,rlwa-api-snapstart,api,snapstart,1790587864.8759081,200,935.8269998338073,936.1736248247325,493,522bfc29-b9d8-4f0e-8b9b-bcca573e7445,,2026/09/28/rlwa-api-snapstart[10]1c58416c968c186c2ce80401f5ce9861,True,255.59,277.0,3008.0,207.0,,514.14,21.0,,,,,0.0,,True,,
mem3008-r2,3008,baseline,API_SNAPSTART,rlwa-api-snapstart,api,snapstart,1790587864.8759859,200,1072.7667498867959,1073.2131248805672,493,e169d837-fad5-4e98-a242-dd538a5c9a50,,2026/09/28/rlwa-api-snapstart[10]74f9b51c5c00fb03471223c05e1822aa,True,284.79,306.0,3008.0,211.0,,584.2,21.0,,,,,0.0,,True,,
mem3008-r2,3008,baseline,API_SNAPSTART,rlwa-api-snapstart,api,snapstart,1790587864.875436,200,856.6333749331534,856.9452909287065,493,fea7ad0f-684f-4684-937e-fa1d05994314,,2026/09/28/rlwa-api-snapstart[10]36999d414e898d7ecfb202a0c8f1447e,True,233.93,252.0,3008.0,206.0,,461.82,18.0,,,,,0.0,,True,,
mem3008-r2,3008,baseline,WEB_ZIP,rlwa-web-zip,web,zip,1790587883.8466592,200,7057.659541955218,7058.048082981259,2885,06d378c8-6ed2-426f-b850-1682f42f4efe,,2026/09/28/rlwa-web-zip[10]fb2bf9399532432c8966cbfba571b79a,True,297.86,6489.0,3008.0,238.0,6190.53,,,231.0,238.0,5604.0,5630.0,,,True,,
mem3008-r2,3008,baseline,WEB_ZIP,rlwa-web-zip,web,zip,1790587883.846714,200,7931.143167195842,7931.469125207514,2885,6863d2b5-df32-4d83-9555-f0a912072afa,,2026/09/28/rlwa-web-zip[10]30b1a7c6081b440892f107a153c9be4a,True,360.09,7276.0,3008.0,239.0,6915.66,,,295.0,276.0,6206.0,6239.0,,,True,,
mem3008-r2,3008,baseline,WEB_ZIP,rlwa-web-zip,web,zip,1790587883.846761,200,7982.817916898057,7983.121041906998,2885,1992e23a-daf4-4059-a217-15a5b564edc4,,2026/09/28/rlwa-web-zip[10]65d1374d68d24c399aea1178381e0130,True,343.23,7426.0,3008.0,240.0,7082.09,,,288.0,285.0,6294.0,6333.0,,,True,,
mem3008-r2,3008,baseline,WEB_ZIP,rlwa-web-zip,web,zip,1790587883.8467999,200,8065.325167030096,8066.858374979347,2885,a7431e90-d494-4d8c-93c9-b3e1870bc3ea,,2026/09/28/rlwa-web-zip[10]dd0594f809cf45b0aa74a9f8a0a8aa18,True,350.44,7509.0,3008.0,239.0,7157.59,,,301.0,295.0,6411.0,6448.0,,,True,,
mem3008-r2,3008,baseline,WEB_ZIP,rlwa-web-zip,web,zip,1790587883.8468359,200,8155.979333911091,8156.293083913624,2885,6ca47059-b0ce-4b46-9153-17c17f731627,,2026/09/28/rlwa-web-zip[10]6712b7cb926745ea8fdac03203040c73,True,330.25,7599.0,3008.0,241.0,7268.43,,,294.0,327.0,6461.0,6494.0,,,True,,
mem3008-r2,3008,baseline,WEB_ZIP,rlwa-web-zip,web,zip,1790587883.847092,200,8537.394083105028,8537.802916951478,2885,bdc31d66-5ffd-4eab-8b90-d8fcc337e281,,2026/09/28/rlwa-web-zip[10]36eeb4823bd24d7e98c8c78b46ea30c3,True,338.35,7906.0,3008.0,243.0,7566.97,,,333.0,345.0,6617.0,6652.0,,,True,,
mem3008-r2,3008,baseline,WEB_ZIP,rlwa-web-zip,web,zip,1790587883.8469398,200,7585.331207839772,7585.712999803945,2885,9dace6f3-0c1b-4c13-9c3c-18d19a97d278,,2026/09/28/rlwa-web-zip[10]1ce3f4b6050e45019eaabb983b2addf8,True,328.78,7008.0,3008.0,238.0,6678.75,,,260.0,253.0,5975.0,6007.0,,,True,,
mem3008-r2,3008,baseline,WEB_ZIP,rlwa-web-zip,web,zip,1790587883.846986,200,8060.085375094786,8060.374333057553,2885,93b83fe4-ce89-4eb7-a7c2-d55d82a45c68,,2026/09/28/rlwa-web-zip[10]08e2299b6c304a62b5bc5104180c2d1b,True,383.98,7488.0,3008.0,239.0,7103.8,,,290.0,285.0,6337.0,6372.0,,,True,,
mem3008-r2,3008,baseline,WEB_ZIP,rlwa-web-zip,web,zip,1790587883.847053,200,8123.830750118941,8124.125374946743,2885,e236a947-3541-4295-8094-5e6e927e370b,,2026/09/28/rlwa-web-zip[10]132ff8dd4d53489e8783c7a84c11892a,True,372.42,7558.0,3008.0,238.0,7185.34,,,294.0,294.0,6403.0,6437.0,,,True,,
mem3008-r2,3008,baseline,WEB_ZIP,rlwa-web-zip,web,zip,1790587883.846524,200,8034.255499951541,8034.889832837507,2885,bba52679-851c-47ee-8044-eeeb41800012,,2026/09/28/rlwa-web-zip[10]c0058921bd9840878447801dadd63a2e,True,382.88,7473.0,3008.0,238.0,7089.59,,,290.0,287.0,6365.0,6398.0,,,True,,
mem3008-r2,3008,baseline,API_ZIP,rlwa-api-zip,api,zip,1790587902.289974,200,7613.264832878485,7614.323499845341,493,5040ba9d-7f3e-415e-add6-bd05aa0a78b4,,2026/09/28/rlwa-api-zip[10]8d0e40013c1c43469240dff77a64366d,True,284.27,7084.0,3008.0,237.0,6799.7,,,299.0,306.0,6079.0,6106.0,,,True,,
mem3008-r2,3008,baseline,API_ZIP,rlwa-api-zip,api,zip,1790587902.29004,200,7612.626833142713,7613.716375082731,493,4bc3dad7-8822-4213-a5e7-19942bf466b1,,2026/09/28/rlwa-api-zip[10]e9844daba05244aeb0f9dc2b7da7d126,True,273.52,7062.0,3008.0,237.0,6787.52,,,332.0,323.0,6041.0,6067.0,,,True,,
mem3008-r2,3008,baseline,API_ZIP,rlwa-api-zip,api,zip,1790587902.290277,200,7674.338374985382,7674.507457995787,493,32e7c770-c183-47b7-9200-6edb5377dfd0,,2026/09/28/rlwa-api-zip[10]d949a76ca9fe4090bbdda2766cca4ccc,True,278.78,7144.0,3008.0,237.0,6864.45,,,307.0,327.0,6109.0,6137.0,,,True,,
mem3008-r2,3008,baseline,API_ZIP,rlwa-api-zip,api,zip,1790587902.29009,200,7707.551582949236,7707.770375069231,493,f923999f-b05a-474d-80db-e2a8ad46585e,,2026/09/28/rlwa-api-zip[10]1940d491136f4045b8e24e69b2a88116,True,243.92,7171.0,3008.0,237.0,6926.4,,,302.0,322.0,6155.0,6185.0,,,True,,
mem3008-r2,3008,baseline,API_ZIP,rlwa-api-zip,api,zip,1790587902.290184,200,6827.362040989101,6827.565208077431,493,0d005fc0-3e6b-4d52-94b2-eba5f2da7065,,2026/09/28/rlwa-api-zip[10]5431e90f1b964078a8aa5d5ec5caef6b,True,234.29,6344.0,3008.0,241.0,6109.16,,,249.0,288.0,5497.0,5522.0,,,True,,
mem3008-r2,3008,baseline,API_ZIP,rlwa-api-zip,api,zip,1790587902.290242,200,7653.226458933204,7653.58812501654,493,70c025c1-e358-4a31-b308-2a2872cf936e,,2026/09/28/rlwa-api-zip[10]9f4fc482c43b45b7a04f18a0896cef2a,True,235.18,7148.0,3008.0,237.0,6912.01,,,286.0,321.0,6150.0,6179.0,,,True,,
mem3008-r2,3008,baseline,API_ZIP,rlwa-api-zip,api,zip,1790587902.290318,200,7613.275374984369,7613.619874930009,493,75442b6c-f01d-47a2-bcd7-205e6494de21,,2026/09/28/rlwa-api-zip[10]8e5c1d91c68c46ab9ed36a1ea3329cfc,True,267.97,7059.0,3008.0,236.0,6790.72,,,316.0,303.0,6052.0,6080.0,,,True,,
mem3008-r2,3008,baseline,API_ZIP,rlwa-api-zip,api,zip,1790587902.290359,200,6806.822374928743,6806.966249831021,493,964c4674-05d3-4ca7-90c0-8b890bcc3c30,,2026/09/28/rlwa-api-zip[10]bff705f3ae4348978bac5e13e8525685,True,205.27,6339.0,3008.0,237.0,6133.59,,,267.0,274.0,5491.0,5516.0,,,True,,
mem3008-r2,3008,baseline,API_ZIP,rlwa-api-zip,api,zip,1790587902.290399,200,6832.419165875763,6832.636707928032,493,6178d666-89d0-485d-949d-c88473914833,,2026/09/28/rlwa-api-zip[10]7285bca649654969be6ed13e54ad8c42,True,226.04,6355.0,3008.0,237.0,6128.24,,,238.0,265.0,5498.0,5523.0,,,True,,
mem3008-r2,3008,baseline,API_ZIP,rlwa-api-zip,api,zip,1790587902.289834,200,6893.579083960503,6893.926874967292,493,203dd00d-6551-4557-a484-7f112046a9fa,,2026/09/28/rlwa-api-zip[10]aecbf079e35049e8aff845e1873a176d,True,231.06,6413.0,3008.0,237.0,6181.26,,,249.0,277.0,5504.0,5532.0,,,True,,
tune-bootsnap-off,1024,bootsnap-off,WEB_CONTAINER,rlwa-web-container,web,container,1790588133.032616,200,7485.6136669404805,7486.319416901097,2885,95ddf79e-9118-41a1-8b63-ce8807989bcb,,2026/09/28/rlwa-web-container[12]7fa7af09f0d844bd8cd722e9fa17309b,True,386.6,7192.0,1024.0,220.0,6804.95,,,409.0,138.0,6074.0,6110.0,,,True,,
tune-bootsnap-off,1024,bootsnap-off,WEB_CONTAINER,rlwa-web-container,web,container,1790588133.032665,200,7181.412999983877,7182.335207937285,2885,2fe454e3-9d1b-422b-8efd-acf704dfed39,,2026/09/28/rlwa-web-container[12]24288f38594640119b068e6755afc934,True,373.54,6872.0,1024.0,221.0,6498.22,,,406.0,121.0,5945.0,5967.0,,,True,,
tune-bootsnap-off,1024,bootsnap-off,WEB_CONTAINER,rlwa-web-container,web,container,1790588133.03274,200,7380.272042006254,7381.31337496452,2885,ccfd7c86-6171-4472-b976-40638fa87423,,2026/09/28/rlwa-web-container[12]9c7c4168b6734f75ad8841a05b53bf41,True,357.49,7092.0,1024.0,221.0,6733.89,,,403.0,145.0,6054.0,6078.0,,,True,,
tune-bootsnap-off,1024,bootsnap-off,WEB_CONTAINER,rlwa-web-container,web,container,1790588133.032706,200,7192.709749797359,7193.192832870409,2885,3c268864-2cdb-4f18-95e2-dc0f02086b35,,2026/09/28/rlwa-web-container[12]b087457425084832af607297713aed93,True,359.71,6926.0,1024.0,221.0,6565.39,,,412.0,135.0,6005.0,6027.0,,,True,,
tune-bootsnap-off,1024,bootsnap-off,WEB_CONTAINER,rlwa-web-container,web,container,1790588133.03278,200,7381.08391710557,7381.494292058051,2885,05875fb7-d506-468b-b49c-af70f0179d91,,2026/09/28/rlwa-web-container[12]16666ac3735249a48ff6558183a71b5e,True,378.99,7081.0,1024.0,224.0,6701.6,,,391.0,144.0,6017.0,6045.0,,,True,,
tune-bootsnap-off,1024,bootsnap-off,WEB_CONTAINER,rlwa-web-container,web,container,1790588133.03284,200,7397.865874925628,7398.30470783636,2885,fd7f392b-fa1d-4791-8922-913fc324ac58,,2026/09/28/rlwa-web-container[12]1f181aec24214db9bb6e290f2f869ff1,True,373.48,7134.0,1024.0,220.0,6760.15,,,404.0,145.0,6095.0,6119.0,,,True,,
tune-bootsnap-off,1024,bootsnap-off,WEB_CONTAINER,rlwa-web-container,web,container,1790588133.03295,200,7208.4029170218855,7208.939000032842,2885,4e01c9dd-4168-495d-a71e-b7c3373262f8,,2026/09/28/rlwa-web-container[12]e46256e0214944eea64a2a61f9687893,True,359.12,6935.0,1024.0,220.0,6575.41,,,397.0,134.0,6035.0,6055.0,,,True,,
tune-bootsnap-off,1024,bootsnap-off,WEB_CONTAINER,rlwa-web-container,web,container,1790588133.032892,200,7374.656667001545,7375.409833854064,2885,46f1d242-940f-4088-b191-4db251b0ea87,,2026/09/28/rlwa-web-container[12]4fbcc1bf750e478faee2036872f491fa,True,359.7,7014.0,1024.0,223.0,6653.74,,,394.0,146.0,5986.0,6009.0,,,True,,
tune-bootsnap-off,1024,bootsnap-off,WEB_CONTAINER,rlwa-web-container,web,container,1790588133.032918,200,7442.726457957178,7444.085707888007,2885,36966371-4940-4718-bcd8-1affddcb1208,,2026/09/28/rlwa-web-container[12]24cb16e39a2c4b59bfa759fc8a958f0e,True,391.85,7138.0,1024.0,221.0,6745.76,,,410.0,156.0,6032.0,6062.0,,,True,,
tune-bootsnap-off,1024,bootsnap-off,WEB_CONTAINER,rlwa-web-container,web,container,1790588133.032495,200,7384.258250007406,7384.717707987875,2885,e8bf5d65-ee59-4a96-905f-52853682d3a6,,2026/09/28/rlwa-web-container[12]f80df77fc3f248b8a35da3ab02b47602,True,388.72,6996.0,1024.0,220.0,6606.6,,,390.0,140.0,5911.0,5941.0,,,True,,
tune-bootsnap-off,1024,bootsnap-off,API_CONTAINER,rlwa-api-container,api,container,1790588150.262346,200,6541.5273329708725,6541.872666915879,493,235c379d-f4f3-4d5a-9071-dd008378ebe5,,2026/09/28/rlwa-api-container[12]e7d06085b6b54371b2d4107d59bcb257,True,262.35,6228.0,1024.0,217.0,5965.55,,,502.0,133.0,5412.0,5436.0,,,True,,
tune-bootsnap-off,1024,bootsnap-off,API_CONTAINER,rlwa-api-container,api,container,1790588150.262447,200,6600.948208011687,6601.286708144471,493,0e8df196-ff1c-49a9-86cd-66d4a4276219,,2026/09/28/rlwa-api-container[12]6aefee1425aa459caee301eb3837360d,True,299.52,6407.0,1024.0,216.0,6106.96,,,499.0,125.0,5491.0,5522.0,,,True,,
tune-bootsnap-off,1024,bootsnap-off,API_CONTAINER,rlwa-api-container,api,container,1790588150.262757,200,6538.6452078819275,6539.708249969408,493,93285512-1a69-4456-9957-352d16c9a1d4,,2026/09/28/rlwa-api-container[12]9b877e856aca44d5903188fae07469f9,True,238.77,6214.0,1024.0,216.0,5974.53,,,519.0,139.0,5382.0,5403.0,,,True,,
tune-bootsnap-off,1024,bootsnap-off,API_CONTAINER,rlwa-api-container,api,container,1790588150.262393,200,6540.647167013958,6541.003749938682,493,91c91edf-eeff-42ae-b5d3-24299aba3b78,,2026/09/28/rlwa-api-container[12]54fc8f3dca064726b8ff29af3e973ba9,True,250.73,6292.0,1024.0,214.0,6040.69,,,513.0,117.0,5492.0,5510.0,,,True,,
tune-bootsnap-off,1024,bootsnap-off,API_CONTAINER,rlwa-api-container,api,container,1790588150.262508,200,6553.094584029168,6553.421874996275,493,611d20a3-4728-4bdc-ae2e-c5f212a372d4,,2026/09/28/rlwa-api-container[12]4cfaefaca23b48e7a9a7d150f85e58d3,True,269.03,6336.0,1024.0,215.0,6066.21,,,493.0,137.0,5484.0,5505.0,,,True,,
tune-bootsnap-off,1024,bootsnap-off,API_CONTAINER,rlwa-api-container,api,container,1790588150.262628,200,6539.140166947618,6540.652459021658,493,3df84ada-cdb4-4ea5-a22a-2bae5afd7224,,2026/09/28/rlwa-api-container[12]b34c1808c481453486b082a38e787782,True,239.61,6246.0,1024.0,217.0,6006.3,,,509.0,129.0,5475.0,5495.0,,,True,,
tune-bootsnap-off,1024,bootsnap-off,API_CONTAINER,rlwa-api-container,api,container,1790588150.262788,200,6782.968959072605,6783.401292050257,493,53bf7ff7-4d9c-4685-8e4b-cde6bba840bb,,2026/09/28/rlwa-api-container[12]07b400fff8994c068faadeab6e6c7b86,True,295.62,6566.0,1024.0,217.0,6269.67,,,503.0,140.0,5557.0,5584.0,,,True,,
tune-bootsnap-off,1024,bootsnap-off,API_CONTAINER,rlwa-api-container,api,container,1790588150.2626848,200,6765.555167105049,6766.258832998574,493,68efd1cf-ba70-4e7f-abbc-669a91fe762f,,2026/09/28/rlwa-api-container[12]099df6fbc7714e0e9f177d9794bf45a4,True,262.65,6525.0,1024.0,219.0,6261.5,,,505.0,135.0,5558.0,5587.0,,,True,,
tune-bootsnap-off,1024,bootsnap-off,API_CONTAINER,rlwa-api-container,api,container,1790588150.262722,200,6545.28412502259,6545.491916127503,493,c82ee42e-eaa5-4ce4-bee4-488b63392b10,,2026/09/28/rlwa-api-container[12]560f8fdb264740889b22e82c7fe10fe1,True,263.48,6323.0,1024.0,216.0,6058.66,,,507.0,121.0,5477.0,5500.0,,,True,,
tune-bootsnap-off,1024,bootsnap-off,API_CONTAINER,rlwa-api-container,api,container,1790588150.262201,200,6721.929249819368,6722.301999805495,493,f3b4c4f1-6529-495c-bef7-bc251a7ae353,,2026/09/28/rlwa-api-container[12]1ba4bb0dd5c9402cb08e2416ecdccf3d,True,255.02,6516.0,1024.0,217.0,6260.0,,,494.0,137.0,5579.0,5600.0,,,True,,
tune-bootsnap-off,1024,bootsnap-off,WEB_ZIP,rlwa-web-zip,web,zip,1790588166.997154,200,5788.981957826763,5789.699416840449,2885,2b1e815c-a8bc-4dba-8fc4-16975b7ec901,,2026/09/28/rlwa-web-zip[12]f5770b0f640c49f6b8f545c205dcc85a,True,463.26,5256.0,1024.0,218.0,4792.53,,,143.0,172.0,3935.0,3982.0,,,True,,
tune-bootsnap-off,1024,bootsnap-off,WEB_ZIP,rlwa-web-zip,web,zip,1790588166.9972181,200,5584.188708104193,5584.932250203565,2885,e000c8ba-6bd5-49c4-b1f3-454fc70d1e52,,2026/09/28/rlwa-web-zip[12]22bda042dd794f8f97b2d77334b0b5a8,True,461.05,5071.0,1024.0,218.0,4609.49,,,132.0,152.0,3827.0,3879.0,,,True,,
tune-bootsnap-off,1024,bootsnap-off,WEB_ZIP,rlwa-web-zip,web,zip,1790588166.9974048,200,5034.596499986947,5035.200582817197,2885,e2229419-3412-4872-9f86-d4ddfc060700,,2026/09/28/rlwa-web-zip[12]f88cdaa2cf3a4576be29def2b8d80a2c,True,441.75,4562.0,1024.0,219.0,4119.81,,,132.0,157.0,3257.0,3298.0,,,True,,
tune-bootsnap-off,1024,bootsnap-off,WEB_ZIP,rlwa-web-zip,web,zip,1790588166.997281,200,5808.942334027961,5809.438458876684,2885,e710cc0b-06cf-4bed-9563-d0c24c904a9d,,2026/09/28/rlwa-web-zip[12]3779934386fe412c9effe77a730bb5e1,True,458.94,5324.0,1024.0,216.0,4864.2,,,143.0,159.0,4015.0,4063.0,,,True,,
tune-bootsnap-off,1024,bootsnap-off,WEB_ZIP,rlwa-web-zip,web,zip,1790588166.997325,200,4857.050958788022,4857.86195890978,2885,50344453-4e1f-4676-b673-ee10ee964d4e,,2026/09/28/rlwa-web-zip[12]6fe952af11b04e0aa804dce7b45d392b,True,450.17,4320.0,1024.0,219.0,3869.46,,,115.0,154.0,3190.0,3231.0,,,True,,
tune-bootsnap-off,1024,bootsnap-off,WEB_ZIP,rlwa-web-zip,web,zip,1790588166.997567,200,5839.588874951005,5840.010957792401,2885,b92f42e1-775e-4a8f-83b2-e7bba370d35f,,2026/09/28/rlwa-web-zip[12]14a7b44717924f27ba2485240b07c838,True,495.04,5347.0,1024.0,217.0,4851.89,,,147.0,175.0,4021.0,4067.0,,,True,,
tune-bootsnap-off,1024,bootsnap-off,WEB_ZIP,rlwa-web-zip,web,zip,1790588166.997445,200,6115.212624892592,6116.301625035703,2885,fe774a7c-641f-4e03-8f07-6a02fd7a0587,,2026/09/28/rlwa-web-zip[12]c0141af07c6448b8a629e140af4fef42,True,462.66,5608.0,1024.0,216.0,5145.25,,,170.0,180.0,4221.0,4263.0,,,True,,
tune-bootsnap-off,1024,bootsnap-off,WEB_ZIP,rlwa-web-zip,web,zip,1790588166.997529,200,6085.658208932728,6086.357292020693,2885,735e50ee-b474-4a12-9915-9c47f0859b48,,2026/09/28/rlwa-web-zip[12]358620fc13ce41138e879b40d8294d03,True,497.59,5555.0,1024.0,214.0,5057.25,,,157.0,167.0,4219.0,4276.0,,,True,,
tune-bootsnap-off,1024,bootsnap-off,WEB_ZIP,rlwa-web-zip,web,zip,1790588166.997484,200,5599.316915962845,5599.860332906246,2885,c5e02842-3fcb-4f14-88cc-6ce708c01015,,2026/09/28/rlwa-web-zip[12]d4876fc9515045a282b02d967d003a8d,True,477.13,5096.0,1024.0,220.0,4618.56,,,144.0,171.0,3824.0,3869.0,,,True,,
tune-bootsnap-off,1024,bootsnap-off,WEB_ZIP,rlwa-web-zip,web,zip,1790588166.997014,200,4858.971167122945,4859.489334048703,2885,813f9b6d-56b3-4f78-87ca-b3297c8fe2ce,,2026/09/28/rlwa-web-zip[12]4fe79aaca4c24b63a7f3c002331c2bfd,True,440.74,4370.0,1024.0,216.0,3928.63,,,122.0,132.0,3183.0,3220.0,,,True,,
tune-bootsnap-off,1024,bootsnap-off,API_ZIP,rlwa-api-zip,api,zip,1790588182.876858,200,4574.751040898263,4575.39845793508,493,408415f3-bb39-4661-be2c-e5d27fda51fb,,2026/09/28/rlwa-api-zip[12]0dc36cd2ae414beebc31624cf4bcb942,True,321.46,4086.0,1024.0,213.0,3764.52,,,123.0,140.0,3061.0,3089.0,,,True,,
tune-bootsnap-off,1024,bootsnap-off,API_ZIP,rlwa-api-zip,api,zip,1790588182.87713,200,5377.0759999752045,5377.704541897401,493,17ab24dc-3424-4029-ada4-933e1bb1f7dc,,2026/09/28/rlwa-api-zip[12]8b3bf300246f486caa3a3b717f71560b,True,326.97,4861.0,1024.0,212.0,4533.14,,,163.0,161.0,3740.0,3779.0,,,True,,
tune-bootsnap-off,1024,bootsnap-off,API_ZIP,rlwa-api-zip,api,zip,1790588182.876987,200,5489.498375216499,5490.0467921979725,493,10f2d837-c77d-4219-82a1-80f4aba2b8b1,,2026/09/28/rlwa-api-zip[12]8c5747e9532046de83094b0738d51558,True,329.09,4925.0,1024.0,213.0,4595.91,,,166.0,161.0,3794.0,3833.0,,,True,,
tune-bootsnap-off,1024,bootsnap-off,API_ZIP,rlwa-api-zip,api,zip,1790588182.8769238,200,4542.0954171568155,4542.5659590400755,493,113a7f88-3997-46b7-a811-02508e1622c7,,2026/09/28/rlwa-api-zip[12]148f2446577b4963b38c5088d42f4970,True,322.84,4072.0,1024.0,213.0,3748.53,,,133.0,143.0,3082.0,3123.0,,,True,,
tune-bootsnap-off,1024,bootsnap-off,API_ZIP,rlwa-api-zip,api,zip,1790588182.877078,200,4397.965874988586,4398.508167127147,493,897da073-add5-44a0-ac96-7f36c4c7a5e3,,2026/09/28/rlwa-api-zip[12]f2d55667b80a4513a64bde3d6d18f7a1,True,320.23,3894.0,1024.0,213.0,3572.89,,,124.0,140.0,2935.0,2971.0,,,True,,
tune-bootsnap-off,1024,bootsnap-off,API_ZIP,rlwa-api-zip,api,zip,1790588182.877318,200,5719.645250122994,5720.157792093232,493,73603810-d847-4651-ac56-05826efd3778,,2026/09/28/rlwa-api-zip[12]d572c0abf66d4d30b1101088f45258c1,True,335.76,5167.0,1024.0,211.0,4831.04,,,173.0,166.0,3968.0,4011.0,,,True,,
tune-bootsnap-off,1024,bootsnap-off,API_ZIP,rlwa-api-zip,api,zip,1790588182.8771951,200,4634.442250011489,4634.970540879294,493,6e527c5e-66d0-4266-b190-76da55713625,,2026/09/28/rlwa-api-zip[12]73905a0b13eb4e168ae9d2ad51470608,True,351.12,4147.0,1024.0,212.0,3795.49,,,137.0,153.0,3147.0,3175.0,,,True,,
tune-bootsnap-off,1024,bootsnap-off,API_ZIP,rlwa-api-zip,api,zip,1790588182.8772721,200,5429.843167075887,5430.459582945332,493,eb477821-8387-4fa7-ae38-647d56677fca,,2026/09/28/rlwa-api-zip[12]f3d62d1974374e90a32184c2d30e22aa,True,336.57,4914.0,1024.0,213.0,4577.23,,,170.0,168.0,3767.0,3805.0,,,True,,
tune-bootsnap-off,1024,bootsnap-off,API_ZIP,rlwa-api-zip,api,zip,1790588182.877232,200,4410.59104190208,4411.178832873702,493,e209f039-aa9f-4759-bd48-63f3147a1422,,2026/09/28/rlwa-api-zip[12]e66e9140597f4897b5d2f77c6afd1c20,True,308.93,3922.0,1024.0,215.0,3612.1,,,129.0,141.0,3011.0,3042.0,,,True,,
tune-bootsnap-off,1024,bootsnap-off,API_ZIP,rlwa-api-zip,api,zip,1790588182.876736,200,4484.267042018473,4484.8569999448955,493,8ca9a052-8ba4-4c6f-b6b6-03f5f43d539b,,2026/09/28/rlwa-api-zip[12]7b4498e135404937b2aa5fa3a52bc922,True,299.77,3980.0,1024.0,212.0,3679.94,,,135.0,143.0,3046.0,3082.0,,,True,,
tune-eagerload-off,1024,eagerload-off,WEB_CONTAINER,rlwa-web-container,web,container,1790588292.3987231,200,3174.039333127439,3174.621375044808,2885,7af4ba65-c9bb-467e-a0b9-12476240c4b5,,2026/09/28/rlwa-web-container[13]1406fca1ce6749f0b514914e031d794c,True,504.16,2835.0,1024.0,196.0,2330.65,,,91.0,168.0,1181.0,1202.0,,,True,,
tune-eagerload-off,1024,eagerload-off,WEB_CONTAINER,rlwa-web-container,web,container,1790588292.3987699,200,2440.0697080418468,2445.3483750112355,2885,e42d1447-1d0f-4c79-9b83-740854a31d12,,2026/09/28/rlwa-web-container[13]4c3bbfd2fb4e40f2b7baa5729f470bb4,True,503.43,2221.0,1024.0,193.0,1716.66,,,69.0,122.0,836.0,875.0,,,True,,
tune-eagerload-off,1024,eagerload-off,WEB_CONTAINER,rlwa-web-container,web,container,1790588292.398808,200,2445.066750049591,2445.6028749700636,2885,cb10c377-08d7-48d9-adee-ec896fb25d94,,2026/09/28/rlwa-web-container[13]ca48b4c723f149c5aad0ff3c1cbf3791,True,495.13,2173.0,1024.0,193.0,1677.43,,,68.0,123.0,814.0,846.0,,,True,,
tune-eagerload-off,1024,eagerload-off,WEB_CONTAINER,rlwa-web-container,web,container,1790588292.3989692,200,3054.806707892567,3055.2099170163274,2885,ec10d18e-9ee2-4735-a63d-c309f0a38742,,2026/09/28/rlwa-web-container[13]5adfe6f3edf6448894d5dc4ff780ddf3,True,480.73,2710.0,1024.0,192.0,2229.18,,,96.0,161.0,1094.0,1115.0,,,True,,
tune-eagerload-off,1024,eagerload-off,WEB_CONTAINER,rlwa-web-container,web,container,1790588292.3988428,200,2512.551916996017,2513.3367080707103,2885,77538815-3ce4-42bd-9fca-6dd8428900c5,,2026/09/28/rlwa-web-container[13]694669144e8d4456bba90e80252e082a,True,471.59,2275.0,1024.0,193.0,1803.01,,,52.0,82.0,842.0,874.0,,,True,,
tune-eagerload-off,1024,eagerload-off,WEB_CONTAINER,rlwa-web-container,web,container,1790588292.398884,200,2636.707083089277,2637.1894581243396,2885,278254f0-6d7f-4ea3-9ad9-9bcf46689a14,,2026/09/28/rlwa-web-container[13]36612e5f48044f9bb617ae07d00ce618,True,504.23,2279.0,1024.0,194.0,1774.28,,,68.0,140.0,861.0,901.0,,,True,,
tune-eagerload-off,1024,eagerload-off,WEB_CONTAINER,rlwa-web-container,web,container,1790588292.399056,200,3048.30937506631,3048.955542035401,2885,86096ef6-1586-41d4-9f69-ffb9eb941f70,,2026/09/28/rlwa-web-container[13]1d2299128afa47629a41ea2110936ee9,True,492.1,2774.0,1024.0,193.0,2281.13,,,99.0,171.0,1129.0,1149.0,,,True,,
tune-eagerload-off,1024,eagerload-off,WEB_CONTAINER,rlwa-web-container,web,container,1790588292.3989398,200,2664.2283748369664,2664.714040933177,2885,2d09cf88-0ac0-489f-930f-543993d63a33,,2026/09/28/rlwa-web-container[13]97b87c869ea741839582c7c9c88ebca2,True,513.06,2407.0,1024.0,194.0,1893.35,,,89.0,146.0,975.0,1014.0,,,True,,
tune-eagerload-off,1024,eagerload-off,WEB_CONTAINER,rlwa-web-container,web,container,1790588292.399025,200,2620.1147499959916,2620.642750058323,2885,1558bbc9-587d-4676-93d3-553bf8305ac3,,2026/09/28/rlwa-web-container[13]35296db16d3e46a598de897eae27be33,True,431.45,2357.0,1024.0,193.0,1925.21,,,84.0,148.0,950.0,967.0,,,True,,
tune-eagerload-off,1024,eagerload-off,WEB_CONTAINER,rlwa-web-container,web,container,1790588292.3985999,200,2515.7706250902265,2516.1942502018064,2885,b0726264-ba4c-4946-a4e2-a8b106e68b57,,2026/09/28/rlwa-web-container[13]722acfbba88445e58df296a16ba83bca,True,498.53,2249.0,1024.0,193.0,1749.57,,,68.0,141.0,848.0,882.0,,,True,,
tune-eagerload-off,1024,eagerload-off,API_CONTAINER,rlwa-api-container,api,container,1790588305.379711,200,2794.148667016998,2794.999999925494,493,ecc4385e-35c1-4bb3-8023-ce8328fb1816,,2026/09/28/rlwa-api-container[13]28934e6417164328a0c25ee40aedb0e7,True,351.13,2534.0,1024.0,192.0,2182.26,,,65.0,115.0,1087.0,1112.0,,,True,,
tune-eagerload-off,1024,eagerload-off,API_CONTAINER,rlwa-api-container,api,container,1790588305.3797739,200,2895.4782499931753,2895.626125158742,493,655f88bc-5d44-4db7-8ce6-f0ddd5a11d63,,2026/09/28/rlwa-api-container[13]570b35a36e7c463091628e7a54e7538c,True,466.61,2640.0,1024.0,184.0,2172.99,,,86.0,123.0,1070.0,1096.0,,,True,,
tune-eagerload-off,1024,eagerload-off,API_CONTAINER,rlwa-api-container,api,container,1790588305.380086,200,2320.5879169981927,2321.065166965127,493,6b3f099b-4e23-43bc-bb0c-976ca7523c42,,2026/09/28/rlwa-api-container[13]10d80d5231314c44bc1d5839f4af6ee2,True,297.91,2031.0,1024.0,192.0,1732.45,,,53.0,90.0,838.0,858.0,,,True,,
tune-eagerload-off,1024,eagerload-off,API_CONTAINER,rlwa-api-container,api,container,1790588305.379883,200,2229.851375101134,2230.627540964633,493,301437b8-5816-496a-ad25-b0277bd0bc4f,,2026/09/28/rlwa-api-container[13]50a7aff650dd4db0b75fce28472c82f3,True,342.1,1946.0,1024.0,192.0,1603.77,,,49.0,84.0,781.0,804.0,,,True,,
tune-eagerload-off,1024,eagerload-off,API_CONTAINER,rlwa-api-container,api,container,1790588305.3798258,200,2514.58220789209,2515.0929579976946,493,e0692b0e-891d-4f09-9098-9f81b0e545b1,,2026/09/28/rlwa-api-container[13]80b81d33c170443c9f3d0bf810859e5b,True,415.98,2212.0,1024.0,186.0,1795.03,,,69.0,109.0,875.0,898.0,,,True,,
tune-eagerload-off,1024,eagerload-off,API_CONTAINER,rlwa-api-container,api,container,1790588305.379989,200,2293.9305410254747,2294.6642911992967,493,8fcf61a4-ae29-42d9-8e10-c05e2d9ce449,,2026/09/28/rlwa-api-container[13]7954d59b52c74df797bc90727822e47a,True,381.42,2039.0,1024.0,186.0,1656.78,,,51.0,91.0,777.0,815.0,,,True,,
tune-eagerload-off,1024,eagerload-off,API_CONTAINER,rlwa-api-container,api,container,1790588305.379953,200,2730.1095000002533,2730.746541870758,493,57bd99b9-8c01-4943-b07a-94cb6cb18960,,2026/09/28/rlwa-api-container[13]99996d99a8ae49c5a434d22a5f0ebb41,True,366.51,2479.0,1024.0,193.0,2112.41,,,61.0,104.0,1005.0,1032.0,,,True,,
tune-eagerload-off,1024,eagerload-off,API_CONTAINER,rlwa-api-container,api,container,1790588305.380125,200,2698.851624969393,2699.5335000101477,493,ddb4dbc2-548d-4268-b49c-2cad84371ece,,2026/09/28/rlwa-api-container[13]b9f2631798ae4354afb04848d8eb4179,True,353.27,2437.0,1024.0,193.0,2083.25,,,61.0,117.0,1013.0,1037.0,,,True,,
tune-eagerload-off,1024,eagerload-off,API_CONTAINER,rlwa-api-container,api,container,1790588305.380047,200,2047.4081658758223,2047.859915997833,493,459a9b53-c835-411c-b143-1cf326a52ea4,,2026/09/28/rlwa-api-container[13]3c8eacbe5a534f71b5d109bfe660df4b,True,307.83,1749.0,1024.0,191.0,1440.24,,,44.0,88.0,705.0,723.0,,,True,,
tune-eagerload-off,1024,eagerload-off,API_CONTAINER,rlwa-api-container,api,container,1790588305.379528,200,2299.92091585882,2300.3959998022765,493,834bd734-5b62-406c-b85a-d3c11894450d,,2026/09/28/rlwa-api-container[13]712a232cbe3741a7800381280e3fe975,True,344.09,2016.0,1024.0,192.0,1671.77,,,54.0,111.0,814.0,834.0,,,True,,
tune-eagerload-off,1024,eagerload-off,WEB_ZIP,rlwa-web-zip,web,zip,1790588317.903357,200,6055.129625136033,6055.281708016992,2885,c1d9f2db-c2ed-4f09-9122-93dfa676d80d,,2026/09/28/rlwa-web-zip[13]864c85d0e58d45a085af6e1bdaa6ea1a,True,772.7,5503.0,1024.0,206.0,4729.76,,,263.0,283.0,3068.0,3110.0,,,True,,
tune-eagerload-off,1024,eagerload-off,WEB_ZIP,rlwa-web-zip,web,zip,1790588317.9034219,200,6941.134250024334,6941.414499888197,2885,a6f8ae0c-4f74-4eed-bf85-33f5c9530849,,2026/09/28/rlwa-web-zip[13]77911d68377a48fab6c60f2b5dafe3fa,True,788.61,6267.0,1024.0,205.0,5477.39,,,303.0,330.0,3590.0,3645.0,,,True,,
tune-eagerload-off,1024,eagerload-off,WEB_ZIP,rlwa-web-zip,web,zip,1790588317.9037492,200,6964.341666083783,6964.492666069418,2885,690e94d1-b10b-4cfd-a2d8-7011a4dac9cd,,2026/09/28/rlwa-web-zip[13]c0e414878bb74d56a22e8302ebf5b4a6,True,827.12,6337.0,1024.0,201.0,5509.36,,,296.0,288.0,3598.0,3629.0,,,True,,
tune-eagerload-off,1024,eagerload-off,WEB_ZIP,rlwa-web-zip,web,zip,1790588317.9034922,200,6093.34108303301,6093.472416978329,2885,663c720c-d173-4f62-aa78-ea8d57057754,,2026/09/28/rlwa-web-zip[13]af3610c27f164888ac37a1668be2cdc0,True,761.96,5504.0,1024.0,208.0,4741.39,,,249.0,275.0,3057.0,3104.0,,,True,,
tune-eagerload-off,1024,eagerload-off,WEB_ZIP,rlwa-web-zip,web,zip,1790588317.90363,200,6940.538249909878,6940.968124894425,2885,74240762-908e-462f-ad86-05095349b9d8,,2026/09/28/rlwa-web-zip[13]d8a7473b59e44a7ea2c77e70879ee1bd,True,854.02,6372.0,1024.0,201.0,5517.9,,,330.0,329.0,3651.0,3681.0,,,True,,
tune-eagerload-off,1024,eagerload-off,WEB_ZIP,rlwa-web-zip,web,zip,1790588317.90371,200,6148.258541943505,6148.380957776681,2885,7db5ba22-0c1f-40e4-8a4a-2bad2811c777,,2026/09/28/rlwa-web-zip[13]79cee0a821064aa08554bfb977cdfd58,True,734.19,5559.0,1024.0,203.0,4823.87,,,252.0,268.0,3086.0,3141.0,,,True,,
tune-eagerload-off,1024,eagerload-off,WEB_ZIP,rlwa-web-zip,web,zip,1790588317.903595,200,6270.968541968614,6271.385124884546,2885,23eb4317-f535-45cb-9c7d-2377eeefceac,,2026/09/28/rlwa-web-zip[13]8fe1538f0fa9461c86401e78122fbfbe,True,772.22,5687.0,1024.0,203.0,4914.27,,,261.0,267.0,3143.0,3188.0,,,True,,
tune-eagerload-off,1024,eagerload-off,WEB_ZIP,rlwa-web-zip,web,zip,1790588317.90379,200,6954.185624839738,6954.526416957378,2885,096aed37-18ea-4652-8549-8c2870e43a38,,2026/09/28/rlwa-web-zip[13]fff4d9d40bac4baeaf39e6fc41348218,True,846.84,6352.0,1024.0,202.0,5504.49,,,314.0,284.0,3604.0,3633.0,,,True,,
tune-eagerload-off,1024,eagerload-off,WEB_ZIP,rlwa-web-zip,web,zip,1790588317.9036689,200,6174.134749919176,6176.655333023518,2885,269d2b2a-56cc-4e98-931a-5dadb5ad99a1,,2026/09/28/rlwa-web-zip[13]efa466530194449a8c482d701bcfb4a8,True,799.87,5575.0,1024.0,205.0,4774.97,,,248.0,260.0,3084.0,3113.0,,,True,,
tune-eagerload-off,1024,eagerload-off,WEB_ZIP,rlwa-web-zip,web,zip,1790588317.9032269,200,7145.504750078544,7145.8738329820335,2885,0083ef6b-008d-4124-9221-2ac7a33691e0,,2026/09/28/rlwa-web-zip[13]fa9e16006844401b889c114c78fa398c,True,785.92,6526.0,1024.0,206.0,5739.98,,,296.0,325.0,3666.0,3726.0,,,True,,
tune-eagerload-off,1024,eagerload-off,API_ZIP,rlwa-api-zip,api,zip,1790588334.992071,200,6399.532750016078,6399.843875085935,493,2289fb81-6d5f-4292-9b1b-114918c4f0c5,,2026/09/28/rlwa-api-zip[13]210bca9b547b48428e4130d8db81031d,True,530.44,5807.0,1024.0,197.0,5276.41,,,291.0,270.0,3343.0,3395.0,,,True,,
tune-eagerload-off,1024,eagerload-off,API_ZIP,rlwa-api-zip,api,zip,1790588334.9921868,200,6602.497749961913,6602.753708837554,493,dbc1e3d8-2b0c-4c4f-80be-f7eefcbe162e,,2026/09/28/rlwa-api-zip[13]f44138f0dac7479cb799093b4526b8b0,True,583.89,6030.0,1024.0,199.0,5445.4,,,312.0,324.0,3535.0,3588.0,,,True,,
tune-eagerload-off,1024,eagerload-off,API_ZIP,rlwa-api-zip,api,zip,1790588334.992128,200,5415.551124839112,5415.994124952704,493,e34f82ed-db50-456f-b417-a87b57342a1e,,2026/09/28/rlwa-api-zip[13]d2b97d9690bf4084a8acfa44f5726ecb,True,511.76,4864.0,1024.0,196.0,4352.15,,,244.0,287.0,2847.0,2892.0,,,True,,
tune-eagerload-off,1024,eagerload-off,API_ZIP,rlwa-api-zip,api,zip,1790588334.992251,200,5603.684666100889,5604.080625111237,493,b16699ff-92ed-47fa-8a37-90e1066e41f8,,2026/09/28/rlwa-api-zip[13]6fa7be2ac1dd46f182156f6478be5044,True,526.76,5056.0,1024.0,201.0,4529.12,,,277.0,261.0,2971.0,3017.0,,,True,,
tune-eagerload-off,1024,eagerload-off,API_ZIP,rlwa-api-zip,api,zip,1790588334.992505,200,6168.887667125091,6169.7477081324905,493,52a51a39-78fb-4d13-acc5-2e6738c3dfb2,,2026/09/28/rlwa-api-zip[13]4d909c1acced48688ef2dd1f0cf8a046,True,533.55,5581.0,1024.0,198.0,5046.6,,,313.0,271.0,3288.0,3338.0,,,True,,
tune-eagerload-off,1024,eagerload-off,API_ZIP,rlwa-api-zip,api,zip,1790588334.992287,200,6370.805375045165,6371.188499964774,493,2cb30a70-a7e1-467c-bf11-d0404261e5a3,,2026/09/28/rlwa-api-zip[13]0e8cf4d8409b4adea8d3d0d55e35e051,True,559.55,5793.0,1024.0,197.0,5232.81,,,295.0,331.0,3335.0,3389.0,,,True,,
tune-eagerload-off,1024,eagerload-off,API_ZIP,rlwa-api-zip,api,zip,1790588334.992382,200,5707.862332928926,5708.266165805981,493,61b5ac1e-99a3-4455-9ef6-ae4e1ae212b2,,2026/09/28/rlwa-api-zip[13]cc70172ebfb64ac3b7c3a845e3dc6ef6,True,467.17,5128.0,1024.0,197.0,4660.19,,,266.0,296.0,3049.0,3096.0,,,True,,
tune-eagerload-off,1024,eagerload-off,API_ZIP,rlwa-api-zip,api,zip,1790588334.9924512,200,5425.18425011076,5425.495499977842,493,0e841ce7-9e54-4abb-87aa-95aaae238dd5,,2026/09/28/rlwa-api-zip[13]873f5b0b203645968a4dc842517ad173,True,523.02,4878.0,1024.0,198.0,4354.94,,,257.0,283.0,2847.0,2892.0,,,True,,
tune-eagerload-off,1024,eagerload-off,API_ZIP,rlwa-api-zip,api,zip,1790588334.992411,200,5435.848457971588,5436.119165970013,493,a445a241-58a3-4f97-a4c2-271814192d09,,2026/09/28/rlwa-api-zip[13]0ba6f78d9eb545ee9a83ab8be38c1765,True,507.85,4903.0,1024.0,197.0,4394.77,,,244.0,295.0,2878.0,2926.0,,,True,,
tune-eagerload-off,1024,eagerload-off,API_ZIP,rlwa-api-zip,api,zip,1790588334.991945,200,5539.352957857773,5539.563332917169,493,3d80198b-4220-46c5-a603-8b3173841ee1,,2026/09/28/rlwa-api-zip[13]3aee33a4f4da44b2826dd5b7e2d97997,True,511.88,5040.0,1024.0,202.0,4527.38,,,248.0,271.0,2904.0,2949.0,,,True,,
tune-yjit-off,1024,yjit-off,WEB_CONTAINER,rlwa-web-container,web,container,1790588444.7578099,200,3482.952166814357,3483.1299998331815,2885,89c7a3ef-2983-463e-b30e-f53a705923ed,,2026/09/28/rlwa-web-container[14]090a0c09189f4624bb8a4e97ab128231,True,199.49,3109.0,1024.0,208.0,2909.2,,,64.0,138.0,2245.0,2267.0,,,True,,
tune-yjit-off,1024,yjit-off,WEB_CONTAINER,rlwa-web-container,web,container,1790588444.7579079,200,2967.1030419413,2967.531458940357,2885,b4e5e2e0-171e-4692-af6f-6df7b38a74c5,,2026/09/28/rlwa-web-container[14]4ebb9d43a66747d4b09c80530768e6a1,True,193.71,2648.0,1024.0,209.0,2454.28,,,73.0,138.0,1855.0,1878.0,,,True,,
tune-yjit-off,1024,yjit-off,WEB_CONTAINER,rlwa-web-container,web,container,1790588444.757864,200,3676.198875065893,3676.4147081412375,2885,dab4041f-f614-48cf-ae61-3a9933c23254,,2026/09/28/rlwa-web-container[14]3280e221b4b34e46b3475f5e21ca7008,True,189.78,3311.0,1024.0,208.0,3121.12,,,97.0,166.0,2365.0,2393.0,,,True,,
tune-yjit-off,1024,yjit-off,WEB_CONTAINER,rlwa-web-container,web,container,1790588444.757937,200,3490.0884171947837,3490.233042044565,2885,7adcf0a6-f8c2-4a48-acb3-811930f9d9e8,,2026/09/28/rlwa-web-container[14]f668eb93c7524114a885a07f1ba1276e,True,193.54,3188.0,1024.0,209.0,2993.78,,,96.0,151.0,2294.0,2314.0,,,True,,
tune-yjit-off,1024,yjit-off,WEB_CONTAINER,rlwa-web-container,web,container,1790588444.758014,200,3616.166208172217,3616.3358751218766,2885,5e9b62c4-924f-40b8-9be6-84fa497fc4e5,,2026/09/28/rlwa-web-container[14]c5fb5f837fa84892bdf51eff061d4d75,True,204.11,3283.0,1024.0,209.0,3078.87,,,88.0,167.0,2356.0,2380.0,,,True,,
tune-yjit-off,1024,yjit-off,WEB_CONTAINER,rlwa-web-container,web,container,1790588444.757966,200,2906.914458842948,2909.1795838903636,2885,7711d0ba-0871-42b4-a634-e8b079623650,,2026/09/28/rlwa-web-container[14]2910f42145344af690da707fa4db0743,True,203.62,2600.0,1024.0,209.0,2395.95,,,67.0,136.0,1852.0,1875.0,,,True,,
tune-yjit-off,1024,yjit-off,WEB_CONTAINER,rlwa-web-container,web,container,1790588444.75799,200,3533.579375129193,3533.7646671105176,2885,60eee176-2f84-49ae-a3a4-6e5c4699996c,,2026/09/28/rlwa-web-container[14]b4ad27b395f3455883c1760508b9f59f,True,209.07,3208.0,1024.0,212.0,2998.05,,,97.0,156.0,2283.0,2309.0,,,True,,
tune-yjit-off,1024,yjit-off,WEB_CONTAINER,rlwa-web-container,web,container,1790588444.758046,200,3025.206916965544,3025.584208080545,2885,ec4ab8d0-15ce-4095-a456-ebb4dfcaf8d4,,2026/09/28/rlwa-web-container[14]0c4605939e564e73b80a1ccdedc18b59,True,180.07,2676.0,1024.0,209.0,2495.24,,,67.0,150.0,1882.0,1901.0,,,True,,
tune-yjit-off,1024,yjit-off,WEB_CONTAINER,rlwa-web-container,web,container,1790588444.758093,200,2939.370624953881,2939.746499992907,2885,1d16aa9b-44ff-467b-b003-61f40b8a2bde,,2026/09/28/rlwa-web-container[14]83ab374bf95e4df3a93d5d3b8f3581fd,True,182.46,2584.0,1024.0,211.0,2401.2,,,69.0,132.0,1826.0,1840.0,,,True,,
tune-yjit-off,1024,yjit-off,WEB_CONTAINER,rlwa-web-container,web,container,1790588444.757653,200,3618.4351248666644,3618.538249982521,2885,7594d60c-d6ae-4665-9129-f037999c23f4,,2026/09/28/rlwa-web-container[14]9cde72a46ace40acab096be5dc59f50d,True,196.87,3255.0,1024.0,209.0,3057.37,,,98.0,174.0,2343.0,2365.0,,,True,,
tune-yjit-off,1024,yjit-off,API_CONTAINER,rlwa-api-container,api,container,1790588458.1777248,200,2749.708333052695,2750.3109159879386,493,d6e08b68-d392-405b-a6f0-bda7353fbece,,2026/09/28/rlwa-api-container[14]c5ee4aad867b4083a0e94c37c6f5ae37,True,145.34,2535.0,1024.0,206.0,2389.55,,,59.0,93.0,1809.0,1821.0,,,True,,
tune-yjit-off,1024,yjit-off,API_CONTAINER,rlwa-api-container,api,container,1790588458.178081,200,2784.533750033006,2785.2144581265748,493,688a3065-8a59-48b2-ae71-644ed86f4dd9,,2026/09/28/rlwa-api-container[14]a469739256bd4a76ace59e7823fad679,True,145.11,2538.0,1024.0,207.0,2391.95,,,53.0,111.0,1810.0,1828.0,,,True,,
tune-yjit-off,1024,yjit-off,API_CONTAINER,rlwa-api-container,api,container,1790588458.17779,200,3448.475208133459,3449.2693750653416,493,b23c94f2-b439-42c4-9997-e23aa616c41d,,2026/09/28/rlwa-api-container[14]7d2dc5355c094bc6902c76ba753ace4f,True,191.03,3248.0,1024.0,206.0,3056.3,,,64.0,124.0,2335.0,2356.0,,,True,,
tune-yjit-off,1024,yjit-off,API_CONTAINER,rlwa-api-container,api,container,1790588458.177858,200,2368.361874949187,2368.985125096515,493,2c18226d-3668-4406-828a-a9d39a0b0b38,,2026/09/28/rlwa-api-container[14]1ad4bdce551141d4bf5523d6d014d3f4,True,134.3,2197.0,1024.0,201.0,2061.89,,,58.0,105.0,1568.0,1584.0,,,True,,
tune-yjit-off,1024,yjit-off,API_CONTAINER,rlwa-api-container,api,container,1790588458.17803,200,3183.8195000309497,3184.409209061414,493,a020a6b3-7046-4886-949c-c01b8fe1e0fe,,2026/09/28/rlwa-api-container[14]3019b94e22ea424abdaeb1c047268b0d,True,161.86,2992.0,1024.0,207.0,2829.89,,,60.0,71.0,2166.0,2186.0,,,True,,
tune-yjit-off,1024,yjit-off,API_CONTAINER,rlwa-api-container,api,container,1790588458.178122,200,2639.809540938586,2640.57383290492,493,f856999c-7703-4fc2-b35a-a56b2b49b9cf,,2026/09/28/rlwa-api-container[14]721bb04bde9f4ae8b3251f1fe3a81b06,True,146.38,2464.0,1024.0,205.0,2316.95,,,54.0,102.0,1773.0,1789.0,,,True,,
tune-yjit-off,1024,yjit-off,API_CONTAINER,rlwa-api-container,api,container,1790588458.177898,200,2681.697624968365,2682.2256669402122,493,066a2ab5-7919-4cd3-b697-59674e24c9f0,,2026/09/28/rlwa-api-container[14]5718e17d18254f5ea49c283dfe4eb1fb,True,157.94,2499.0,1024.0,206.0,2340.58,,,67.0,105.0,1771.0,1782.0,,,True,,
tune-yjit-off,1024,yjit-off,API_CONTAINER,rlwa-api-container,api,container,1790588458.178176,200,2709.3985418323427,2709.8827918525785,493,f78c5d54-c516-445a-9ee3-a956953a9884,,2026/09/28/rlwa-api-container[14]c69550ccbffa4a83b6e6d3a3fba4fdf5,True,147.89,2486.0,1024.0,208.0,2338.04,,,55.0,101.0,1773.0,1794.0,,,True,,
tune-yjit-off,1024,yjit-off,API_CONTAINER,rlwa-api-container,api,container,1790588458.177964,200,2699.188750004396,2699.8577089980245,493,23621072-e971-43b6-8187-0b046afa1caf,,2026/09/28/rlwa-api-container[14]4df0949affbe45c088311a4b9d67d73c,True,172.59,2510.0,1024.0,204.0,2336.59,,,67.0,113.0,1768.0,1779.0,,,True,,
tune-yjit-off,1024,yjit-off,API_CONTAINER,rlwa-api-container,api,container,1790588458.177588,200,3219.3624589126557,3219.577374868095,493,8ef9879e-1f46-42b9-9c7f-be1ef283119f,,2026/09/28/rlwa-api-container[14]2004456a45b54ccaab15436e74938e60,True,166.84,3013.0,1024.0,208.0,2845.75,,,60.0,115.0,2164.0,2179.0,,,True,,
tune-yjit-off,1024,yjit-off,WEB_ZIP,rlwa-web-zip,web,zip,1790588471.542349,200,7319.573040818796,7320.427665952593,2885,02331f90-0c77-49a9-aac0-8a78d67feca3,,2026/09/28/rlwa-web-zip[14]16b9266f3da344b1b30d87f207e40d39,True,328.97,6736.0,1024.0,236.0,6406.85,,,233.0,248.0,5789.0,5812.0,,,True,,
tune-yjit-off,1024,yjit-off,WEB_ZIP,rlwa-web-zip,web,zip,1790588471.542478,200,7489.221083000302,7489.8385419510305,2885,9fed56d8-3b75-4a8f-83a7-63472430e777,,2026/09/28/rlwa-web-zip[14]232a916355cc4e6e83ae544bef3d87a9,True,343.26,6939.0,1024.0,237.0,6594.88,,,277.0,238.0,5894.0,5927.0,,,True,,
tune-yjit-off,1024,yjit-off,WEB_ZIP,rlwa-web-zip,web,zip,1790588471.5424159,200,8363.321791868657,8363.880124874413,2885,b283f347-82cc-4484-86b2-e76d547a5273,,2026/09/28/rlwa-web-zip[14]9a16bbf6c8fc4a0ba87a9b9669ab7b52,True,361.97,7802.0,1024.0,238.0,7440.01,,,307.0,330.0,6608.0,6639.0,,,True,,
tune-yjit-off,1024,yjit-off,WEB_ZIP,rlwa-web-zip,web,zip,1790588471.5426078,200,8342.667958000675,8343.079457990825,2885,5bd7033a-74e2-49d4-9b88-e6983155f38d,,2026/09/28/rlwa-web-zip[14]9d21c531067542d880caf7e00589673f,True,343.22,7751.0,1024.0,239.0,7407.48,,,300.0,324.0,6578.0,6614.0,,,True,,
tune-yjit-off,1024,yjit-off,WEB_ZIP,rlwa-web-zip,web,zip,1790588471.5426528,200,8443.828166928142,8444.613167084754,2885,8e81897b-aea5-430a-94c6-f0ec59571cc5,,2026/09/28/rlwa-web-zip[14]ca761dcd12d54c93ad478da36d446d0a,True,339.96,7864.0,1024.0,237.0,7523.57,,,295.0,320.0,6648.0,6682.0,,,True,,
tune-yjit-off,1024,yjit-off,WEB_ZIP,rlwa-web-zip,web,zip,1790588471.542544,200,8561.830166960135,8562.480458058417,2885,18091b8f-da5f-438b-9683-eff4dd3cf4d5,,2026/09/28/rlwa-web-zip[14]607910639cda40168654191d70dc89b1,True,388.99,7977.0,1024.0,244.0,7587.69,,,323.0,328.0,6745.0,6783.0,,,True,,
tune-yjit-off,1024,yjit-off,WEB_ZIP,rlwa-web-zip,web,zip,1790588471.5427399,200,8136.84479217045,8137.710541952401,2885,68024ba8-3b53-42e2-951b-78860c330350,,2026/09/28/rlwa-web-zip[14]c7407e3d68594561aad2726e5b026642,True,346.1,7544.0,1024.0,237.0,7197.04,,,290.0,315.0,6433.0,6469.0,,,True,,
tune-yjit-off,1024,yjit-off,WEB_ZIP,rlwa-web-zip,web,zip,1790588471.5427752,200,8366.808082908392,8367.269541835412,2885,740bc049-b5b4-438e-bffb-581ab02ca73b,,2026/09/28/rlwa-web-zip[14]0d5bc03795a64f5db8f629082771698f,True,339.67,7797.0,1024.0,238.0,7456.97,,,296.0,332.0,6661.0,6689.0,,,True,,
tune-yjit-off,1024,yjit-off,WEB_ZIP,rlwa-web-zip,web,zip,1790588471.5426948,200,7437.846125103533,7441.431541927159,2885,ec024649-b287-4d5e-a921-7371194c8ebd,,2026/09/28/rlwa-web-zip[14]4c9a949f2ac944298b4d05f296ab9190,True,340.87,6890.0,1024.0,238.0,6548.43,,,262.0,286.0,5882.0,5914.0,,,True,,
tune-yjit-off,1024,yjit-off,WEB_ZIP,rlwa-web-zip,web,zip,1790588471.5422132,200,8155.972291948274,8156.590125057846,2885,eff93c47-5ca4-4be0-b2f7-a20faa0fe905,,2026/09/28/rlwa-web-zip[14]f32a5c3c9bd14fb4b07b97cc9f498bdd,True,326.1,7572.0,1024.0,236.0,7245.14,,,300.0,293.0,6436.0,6472.0,,,True,,
tune-yjit-off,1024,yjit-off,API_ZIP,rlwa-api-zip,api,zip,1790588489.8602319,200,7741.853917017579,7742.536125006154,493,710639de-e02c-4ad9-8a1c-cc95ba4a878f,,2026/09/28/rlwa-api-zip[14]5e1c08cfa63849c5a125aea0807df7e6,True,247.45,7179.0,1024.0,236.0,6931.35,,,300.0,313.0,6152.0,6182.0,,,True,,
tune-yjit-off,1024,yjit-off,API_ZIP,rlwa-api-zip,api,zip,1790588489.860297,200,7166.094208834693,7166.6842920240015,493,abb90041-882a-4484-af78-2b8557344981,,2026/09/28/rlwa-api-zip[14]bb78e5068a6b4f498c43fd4d4a6213d7,True,237.35,6595.0,1024.0,237.0,6356.97,,,252.0,283.0,5635.0,5665.0,,,True,,
tune-yjit-off,1024,yjit-off,API_ZIP,rlwa-api-zip,api,zip,1790588489.860378,200,6796.500583877787,6796.597209060565,493,f6e8a3b7-9683-49c7-9e11-b461a5441f84,,2026/09/28/rlwa-api-zip[14]ff862fc7f9a54cdfa2c1af6a7c484155,True,213.37,6335.0,1024.0,238.0,6120.69,,,256.0,283.0,5509.0,5535.0,,,True,,
tune-yjit-off,1024,yjit-off,API_ZIP,rlwa-api-zip,api,zip,1790588489.860561,200,7803.442209027708,7804.005458950996,493,77c022ef-f7ca-45c7-9580-efe2264b2025,,2026/09/28/rlwa-api-zip[14]dbede31597784830860274f96d761d7e,True,237.77,7235.0,1024.0,238.0,6996.61,,,291.0,312.0,6218.0,6253.0,,,True,,
tune-yjit-off,1024,yjit-off,API_ZIP,rlwa-api-zip,api,zip,1790588489.8604522,200,6976.472791982815,6976.693041855469,493,102c8e27-64d7-4013-8658-35058653a39a,,2026/09/28/rlwa-api-zip[14]ad87ac4b363442feaf180c39d2581aeb,True,243.65,6510.0,1024.0,235.0,6265.75,,,258.0,282.0,5623.0,5654.0,,,True,,
tune-yjit-off,1024,yjit-off,API_ZIP,rlwa-api-zip,api,zip,1790588489.86065,200,7834.132791031152,7834.695291006938,493,18b5ee51-8c42-4c12-8c8b-d9e17b545215,,2026/09/28/rlwa-api-zip[14]78bd58140327490fab4febfdc2631b1d,True,231.13,7250.0,1024.0,235.0,7018.77,,,299.0,351.0,6182.0,6205.0,,,True,,
tune-yjit-off,1024,yjit-off,API_ZIP,rlwa-api-zip,api,zip,1790588489.860519,200,7521.9470001757145,7522.312083048746,493,a65d0e46-bc07-42f4-9957-53eb3a348494,,2026/09/28/rlwa-api-zip[14]8e34ef8de37a4c68988ff6b2977b172f,True,242.04,6950.0,1024.0,235.0,6707.64,,,289.0,318.0,5968.0,5991.0,,,True,,
tune-yjit-off,1024,yjit-off,API_ZIP,rlwa-api-zip,api,zip,1790588489.860697,200,7815.456917043775,7815.978416940197,493,f13ac09b-cdf9-4842-9f17-cb04e2e43815,,2026/09/28/rlwa-api-zip[14]46f137fcef7d4f06b9308acd75bb85ad,True,244.71,7227.0,1024.0,237.0,6982.0,,,292.0,307.0,6150.0,6177.0,,,True,,
tune-yjit-off,1024,yjit-off,API_ZIP,rlwa-api-zip,api,zip,1790588489.860605,200,6878.4723749849945,6878.628708887845,493,e5e7572f-c131-4a56-93e2-50fc4a11d0dc,,2026/09/28/rlwa-api-zip[14]5191d17e801943bd88ec62099504e41d,True,219.75,6359.0,1024.0,234.0,6138.99,,,269.0,252.0,5468.0,5495.0,,,True,,
tune-yjit-off,1024,yjit-off,API_ZIP,rlwa-api-zip,api,zip,1790588489.8600929,200,6786.471999948844,6786.603666841984,493,d136a31c-d8b2-410b-833c-0d094f5c4a6b,,2026/09/28/rlwa-api-zip[14]cfe60ddc0a3746dd9781328106b1b415,True,228.18,6239.0,1024.0,238.0,6010.53,,,233.0,254.0,5413.0,5436.0,,,True,,
tune-asyncinit-on,1024,asyncinit-on,WEB_CONTAINER,rlwa-web-container,web,container,1790588597.5115101,200,2969.0217920579016,2969.26987497136,2885,96aa82a2-178d-4b0a-9b16-3dd0b32e1d2f,,2026/09/28/rlwa-web-container[15]ab64b47dfb06431c8e31005eb531e829,True,343.84,2711.0,1024.0,215.0,2366.46,,,77.0,141.0,1817.0,1844.0,,,True,,
tune-asyncinit-on,1024,asyncinit-on,WEB_CONTAINER,rlwa-web-container,web,container,1790588597.5115578,200,3102.316375123337,3103.003584081307,2885,77c233ca-429b-4827-8d6e-a5324f18e230,,2026/09/28/rlwa-web-container[15]d14f1dc85c0d4c218a32e60ef08768d8,True,343.47,2805.0,1024.0,210.0,2460.91,,,73.0,128.0,1787.0,1814.0,,,True,,
tune-asyncinit-on,1024,asyncinit-on,WEB_CONTAINER,rlwa-web-container,web,container,1790588597.511596,200,3774.0348749794066,3774.4232080876827,2885,619102f6-2357-4ae6-bba2-a1b7e47b512d,,2026/09/28/rlwa-web-container[15]9549b89dcf874a60a571876f76d0a90a,True,372.48,3539.0,1024.0,210.0,3165.84,,,104.0,179.0,2440.0,2472.0,,,True,,
tune-asyncinit-on,1024,asyncinit-on,WEB_CONTAINER,rlwa-web-container,web,container,1790588597.51169,200,3719.8897909838706,3720.4912500455976,2885,83793076-795d-49ae-99e3-b1303376f5e0,,2026/09/28/rlwa-web-container[15]ce1ce8405acd498ca75aa46b8965bf92,True,375.3,3433.0,1024.0,211.0,3057.68,,,94.0,178.0,2312.0,2333.0,,,True,,
tune-asyncinit-on,1024,asyncinit-on,WEB_CONTAINER,rlwa-web-container,web,container,1790588597.51163,200,2953.251540893689,2953.648541122675,2885,6a345203-5ec4-4a97-a6b8-bb82cc166f15,,2026/09/28/rlwa-web-container[15]91f3d43d5b2f4d5f9da48fe0c82afc93,True,335.37,2723.0,1024.0,211.0,2387.43,,,75.0,129.0,1810.0,1827.0,,,True,,
tune-asyncinit-on,1024,asyncinit-on,WEB_CONTAINER,rlwa-web-container,web,container,1790588597.511661,200,2996.308875037357,2996.6429171618074,2885,8017ce4d-0133-4c70-bcfc-af49d68736e7,,2026/09/28/rlwa-web-container[15]d35ba6e8fc274a139d88c4c42e4569ee,True,356.08,2749.0,1024.0,211.0,2392.47,,,65.0,134.0,1788.0,1814.0,,,True,,
tune-asyncinit-on,1024,asyncinit-on,WEB_CONTAINER,rlwa-web-container,web,container,1790588597.511719,200,2892.275707796216,2892.6164167933166,2885,af020adf-0fe1-4c36-b0cc-2f3696916dca,,2026/09/28/rlwa-web-container[15]8c7d17dfbc434f13ae34ac705a8c69df,True,343.9,2622.0,1024.0,211.0,2277.94,,,69.0,138.0,1710.0,1737.0,,,True,,
tune-asyncinit-on,1024,asyncinit-on,WEB_CONTAINER,rlwa-web-container,web,container,1790588597.5117838,200,2890.230792108923,2890.5604591127485,2885,5a95e127-0844-4d08-a7e8-ec59997f3a69,,2026/09/28/rlwa-web-container[15]42754e5e7c0548ebbf37281a92c3f49d,True,353.48,2636.0,1024.0,211.0,2281.91,,,64.0,124.0,1708.0,1726.0,,,True,,
tune-asyncinit-on,1024,asyncinit-on,WEB_CONTAINER,rlwa-web-container,web,container,1790588597.511759,200,2862.3524999711663,2862.675500102341,2885,42561b9a-ec5e-4137-aadb-859b00e3006b,,2026/09/28/rlwa-web-container[15]bbad017a8adf438eb913015cf34987de,True,342.05,2636.0,1024.0,210.0,2293.4,,,48.0,120.0,1761.0,1786.0,,,True,,
tune-asyncinit-on,1024,asyncinit-on,WEB_CONTAINER,rlwa-web-container,web,container,1790588597.5113769,200,3719.7581669315696,3720.661292085424,2885,8eeb09ee-d099-43dd-a35e-80d431f27556,,2026/09/28/rlwa-web-container[15]405595baa2b648bba7f9d76a6e9f2a75,True,364.4,3366.0,1024.0,215.0,3001.28,,,101.0,166.0,2287.0,2309.0,,,True,,
tune-asyncinit-on,1024,asyncinit-on,API_CONTAINER,rlwa-api-container,api,container,1790588611.140379,200,3396.2923330254853,3396.943625062704,493,02fb2ebd-482f-46d4-9e92-7e71cd87ee5c,,2026/09/28/rlwa-api-container[15]3b51d4e1a3bc4143a6e7376812cf3fe2,True,269.19,3211.0,1024.0,207.0,2941.14,,,85.0,116.0,2231.0,2252.0,,,True,,
tune-asyncinit-on,1024,asyncinit-on,API_CONTAINER,rlwa-api-container,api,container,1790588611.1404412,200,2701.2189168017358,2701.8181669991463,493,617b697d-8648-45ef-bf98-2be5611312fd,,2026/09/28/rlwa-api-container[15]4aa1408bd592468d973b94cadf320172,True,260.85,2500.0,1024.0,208.0,2239.01,,,49.0,97.0,1665.0,1685.0,,,True,,
tune-asyncinit-on,1024,asyncinit-on,API_CONTAINER,rlwa-api-container,api,container,1790588611.1404932,200,2954.143499955535,2954.7512920107692,493,d8c77466-4dcd-41a2-b602-5e5275f18edf,,2026/09/28/rlwa-api-container[15]27de2e69017f4f189fc4530b9c827936,True,263.08,2722.0,1024.0,205.0,2458.86,,,73.0,100.0,1855.0,1869.0,,,True,,
tune-asyncinit-on,1024,asyncinit-on,API_CONTAINER,rlwa-api-container,api,container,1790588611.140563,200,3037.7539170440286,3039.073958992958,493,17231618-486e-417d-84ee-f2f8460d0acb,,2026/09/28/rlwa-api-container[15]770d97563b414d47a93867e5899eeb7c,True,303.75,2811.0,1024.0,210.0,2507.01,,,60.0,116.0,1912.0,1936.0,,,True,,
tune-asyncinit-on,1024,asyncinit-on,API_CONTAINER,rlwa-api-container,api,container,1790588611.140598,200,2876.406041905284,2876.9501249771565,493,548ca1c0-bf6f-49c9-b3d8-12dee7fc3c94,,2026/09/28/rlwa-api-container[15]0c15f789f9e244e2ac0deac55b7b953f,True,266.87,2651.0,1024.0,209.0,2384.09,,,52.0,96.0,1794.0,1815.0,,,True,,
tune-asyncinit-on,1024,asyncinit-on,API_CONTAINER,rlwa-api-container,api,container,1790588611.140661,200,2633.8772089220583,2634.231749922037,493,48f32e19-e1f4-4a68-a14f-f83e353327be,,2026/09/28/rlwa-api-container[15]194178dcecaa48d1b19f771fdfae1fa5,True,237.63,2453.0,1024.0,209.0,2214.73,,,51.0,92.0,1673.0,1691.0,,,True,,
tune-asyncinit-on,1024,asyncinit-on,API_CONTAINER,rlwa-api-container,api,container,1790588611.140756,200,3498.5880830790848,3498.915166128427,493,22db66a2-b434-4ee0-913e-02213c88b502,,2026/09/28/rlwa-api-container[15]03d7f4fe76da4c9e97778cefdeef0c0a,True,279.34,3276.0,1024.0,210.0,2996.14,,,88.0,121.0,2279.0,2299.0,,,True,,
tune-asyncinit-on,1024,asyncinit-on,API_CONTAINER,rlwa-api-container,api,container,1790588611.1407201,200,3592.9965409450233,3593.5317499097437,493,9e9af30d-bb54-4f37-a5e3-3852d9b4c677,,2026/09/28/rlwa-api-container[15]d4216ce1c2df4c22a79d643dae58fd8e,True,260.42,3357.0,1024.0,206.0,3096.34,,,91.0,109.0,2346.0,2365.0,,,True,,
tune-asyncinit-on,1024,asyncinit-on,API_CONTAINER,rlwa-api-container,api,container,1790588611.140788,200,2640.1079159695655,2640.278791077435,493,8d5fa418-e29a-4600-b87f-4cc7b04b3d39,,2026/09/28/rlwa-api-container[15]3f27447464844821bdbe4b4f1dc7d910,True,242.08,2455.0,1024.0,208.0,2212.53,,,47.0,101.0,1676.0,1698.0,,,True,,
tune-asyncinit-on,1024,asyncinit-on,API_CONTAINER,rlwa-api-container,api,container,1790588611.140241,200,2857.1060409303755,2857.722165994346,493,9e7b9c6c-81fa-43a8-b384-8e16fbea72a7,,2026/09/28/rlwa-api-container[15]033b2ad0abb9413f981e31a2e8d050ac,True,266.21,2654.0,1024.0,209.0,2387.06,,,52.0,105.0,1796.0,1818.0,,,True,,
tune-asyncinit-on,1024,asyncinit-on,WEB_ZIP,rlwa-web-zip,web,zip,1790588624.522603,200,8314.977917121723,8315.46241720207,2885,8590a630-0854-4bda-9e11-67f3567eeb9f,,2026/09/28/rlwa-web-zip[15]565edaba59134542927a70b4cb17af5e,True,504.53,7773.0,1024.0,239.0,7267.58,,,286.0,323.0,6464.0,6498.0,,,True,,
tune-asyncinit-on,1024,asyncinit-on,WEB_ZIP,rlwa-web-zip,web,zip,1790588624.5227242,200,8236.437792191282,8237.30954201892,2885,ade1f97a-c3c8-41c1-809b-d1394298b38c,,2026/09/28/rlwa-web-zip[15]f98beeb648d84e96928488991be59dc4,True,511.66,7667.0,1024.0,240.0,7155.21,,,289.0,287.0,6349.0,6390.0,,,True,,
tune-asyncinit-on,1024,asyncinit-on,WEB_ZIP,rlwa-web-zip,web,zip,1790588624.522917,200,7558.09725006111,7558.6206670850515,2885,78de7afb-d7b3-4c59-a921-a7279cc7dc69,,2026/09/28/rlwa-web-zip[15]fbd607a78c9c4f549ca13b469cf75695,True,472.07,7049.0,1024.0,239.0,6576.81,,,245.0,250.0,5874.0,5912.0,,,True,,
tune-asyncinit-on,1024,asyncinit-on,WEB_ZIP,rlwa-web-zip,web,zip,1790588624.522662,200,7328.706292202696,7329.434375045821,2885,2a7367b3-bf48-418e-8ff9-476f6943a011,,2026/09/28/rlwa-web-zip[15]7c46b1c5fc2644ed8e69d861bba9c2ad,True,458.64,6842.0,1024.0,240.0,6382.91,,,240.0,264.0,5773.0,5807.0,,,True,,
tune-asyncinit-on,1024,asyncinit-on,WEB_ZIP,rlwa-web-zip,web,zip,1790588624.522799,200,8496.52741709724,8498.88008297421,2885,95fd73b7-a122-404f-b710-3b4c4f6e627e,,2026/09/28/rlwa-web-zip[15]5d96078be6954c308320549d1bc12f2a,True,528.25,7933.0,1024.0,241.0,7404.11,,,301.0,256.0,6572.0,6607.0,,,True,,
tune-asyncinit-on,1024,asyncinit-on,WEB_ZIP,rlwa-web-zip,web,zip,1790588624.5228732,200,7430.899957893416,7431.60979100503,2885,d7c04585-09f6-4763-9a25-61791bf52c8c,,2026/09/28/rlwa-web-zip[15]c55038481b00424d8243b283ae4875ca,True,490.24,6944.0,1024.0,240.0,6453.34,,,260.0,261.0,5791.0,5821.0,,,True,,
tune-asyncinit-on,1024,asyncinit-on,WEB_ZIP,rlwa-web-zip,web,zip,1790588624.5229719,200,8272.096124943346,8272.593208122998,2885,541f5c2f-124a-4005-9cf5-a4de3b07eed4,,2026/09/28/rlwa-web-zip[15]55446683fe5c4bc68f4f4296bae33124,True,516.84,7728.0,1024.0,236.0,7211.0,,,295.0,295.0,6407.0,6450.0,,,True,,
tune-asyncinit-on,1024,asyncinit-on,WEB_ZIP,rlwa-web-zip,web,zip,1790588624.523018,200,8454.851707909256,8455.328125040978,2885,a463646e-be9d-4fd0-80b1-226b3ca36e85,,2026/09/28/rlwa-web-zip[15]a36bb4524987408e861ed37c490b4d73,True,522.33,7881.0,1024.0,240.0,7358.47,,,285.0,298.0,6496.0,6533.0,,,True,,
tune-asyncinit-on,1024,asyncinit-on,WEB_ZIP,rlwa-web-zip,web,zip,1790588624.523065,200,7585.876041091979,7586.475625168532,2885,bcd8d611-acea-4c93-951b-99e94b5c2217,,2026/09/28/rlwa-web-zip[15]6d8be12d971d4180acf281305d773bee,True,488.54,7106.0,1024.0,240.0,6617.41,,,238.0,268.0,5976.0,6011.0,,,True,,
tune-asyncinit-on,1024,asyncinit-on,WEB_ZIP,rlwa-web-zip,web,zip,1790588624.5224729,200,8261.915792012587,8262.559541966766,2885,263517a4-3b90-405b-9493-e7f6d1c1c354,,2026/09/28/rlwa-web-zip[15]1a5b57276181440aa3075e73df6487a0,True,517.66,7687.0,1024.0,239.0,7169.02,,,289.0,316.0,6420.0,6462.0,,,True,,
tune-asyncinit-on,1024,asyncinit-on,API_ZIP,rlwa-api-zip,api,zip,1790588642.916954,200,7746.137165930122,7746.715290937573,493,abf5224d-7c6c-40da-8b84-3ec22af5f92e,,2026/09/28/rlwa-api-zip[15]840486d707934e4eaf0705ff65604db0,True,355.7,7241.0,1024.0,235.0,6884.83,,,295.0,310.0,6093.0,6129.0,,,True,,
tune-asyncinit-on,1024,asyncinit-on,API_ZIP,rlwa-api-zip,api,zip,1790588642.917022,200,6944.805584149435,6945.457709021866,493,83d66f22-6736-4aee-bb93-f218ef048f4b,,2026/09/28/rlwa-api-zip[15]88e2556eded240108477ddd671a88a52,True,336.42,6533.0,1024.0,240.0,6195.93,,,252.0,276.0,5608.0,5640.0,,,True,,
tune-asyncinit-on,1024,asyncinit-on,API_ZIP,rlwa-api-zip,api,zip,1790588642.9171042,200,7093.080583959818,7093.634417047724,493,d084130f-f736-44ac-a061-8e55a7af5d91,,2026/09/28/rlwa-api-zip[15]3b9a4ee0513f4fabb7d692c8a560eb36,True,347.32,6669.0,1024.0,241.0,6320.68,,,264.0,287.0,5662.0,5697.0,,,True,,
tune-asyncinit-on,1024,asyncinit-on,API_ZIP,rlwa-api-zip,api,zip,1790588642.917276,200,6920.231666881591,6920.727167045698,493,a3d1862d-0712-45c3-a900-2262aba6a07c,,2026/09/28/rlwa-api-zip[15]d849ecd0b6dc49c28ac8fadac0a79ede,True,339.56,6494.0,1024.0,235.0,6154.38,,,261.0,292.0,5546.0,5576.0,,,True,,
tune-asyncinit-on,1024,asyncinit-on,API_ZIP,rlwa-api-zip,api,zip,1790588642.917171,200,7696.335582993925,7697.042250074446,493,427ea4e0-f4bb-4ddd-b7ac-fdb46f998745,,2026/09/28/rlwa-api-zip[15]0a77214a66534aafbd90dabcf3ce5154,True,333.41,7188.0,1024.0,239.0,6854.52,,,297.0,315.0,6072.0,6107.0,,,True,,
tune-asyncinit-on,1024,asyncinit-on,API_ZIP,rlwa-api-zip,api,zip,1790588642.9174159,200,7079.8378749750555,7080.198333133012,493,b4ce24da-33aa-4379-8639-dad7cc580601,,2026/09/28/rlwa-api-zip[15]4783e4887a1c47afb21efaacea6af87f,True,324.63,6655.0,1024.0,238.0,6329.68,,,249.0,270.0,5522.0,5552.0,,,True,,
tune-asyncinit-on,1024,asyncinit-on,API_ZIP,rlwa-api-zip,api,zip,1790588642.917232,200,8129.321624990553,8130.297292023897,493,f7b41b85-6013-426e-b89b-10146177cfae,,2026/09/28/rlwa-api-zip[15]1ef368d25d9e4a9a9ecc1e8605105672,True,348.68,7631.0,1024.0,237.0,7281.42,,,297.0,321.0,6368.0,6407.0,,,True,,
tune-asyncinit-on,1024,asyncinit-on,API_ZIP,rlwa-api-zip,api,zip,1790588642.9173691,200,7973.215749952942,7973.900916986167,493,4a94c4f1-97dc-42af-8f88-5366de846c50,,2026/09/28/rlwa-api-zip[15]2153d75dbf324e9c900375b1e69d3d48,True,338.73,7504.0,1024.0,237.0,7164.78,,,301.0,313.0,6325.0,6365.0,,,True,,
tune-asyncinit-on,1024,asyncinit-on,API_ZIP,rlwa-api-zip,api,zip,1790588642.917325,200,7581.156000029296,7582.011542050168,493,2b601a72-3c4f-4dff-ac78-5e1d1297ba39,,2026/09/28/rlwa-api-zip[15]19e8426f6b77425e9ccb3d7fe59aab2a,True,340.91,7088.0,1024.0,238.0,6746.55,,,294.0,306.0,6022.0,6053.0,,,True,,
tune-asyncinit-on,1024,asyncinit-on,API_ZIP,rlwa-api-zip,api,zip,1790588642.9168231,200,7065.2100830338895,7065.7163329888135,493,a17ed4a9-3756-4dd6-ae5d-5a32c8f86e84,,2026/09/28/rlwa-api-zip[15]7ffb5513126c424db88c11df0ee66b73,True,339.87,6687.0,1024.0,237.0,6346.55,,,258.0,285.0,5654.0,5688.0,,,True,,
tune-asyncinit-off,1024,asyncinit-off,WEB_CONTAINER,rlwa-web-container,web,container,1790588990.8638358,200,3690.8592500258237,3691.175041021779,2885,0f4b208f-f5a7-4c10-a900-94799e26a438,,2026/09/28/rlwa-web-container[17]cf92b2e686184048bda674a6bf4e8cb3,True,435.2,3412.0,1024.0,210.0,2975.99,,,96.0,169.0,2301.0,2324.0,,,True,,
tune-asyncinit-off,1024,asyncinit-off,WEB_CONTAINER,rlwa-web-container,web,container,1790588990.863884,200,3187.1009171009064,3187.3301251325756,2885,fba2a267-1fc2-4f85-ad79-5484e55070c5,,2026/09/28/rlwa-web-container[17]c47c0942d0d042bb8c06e1bbb966df82,True,357.39,2891.0,1024.0,210.0,2533.16,,,53.0,114.0,1963.0,1983.0,,,True,,
tune-asyncinit-off,1024,asyncinit-off,WEB_CONTAINER,rlwa-web-container,web,container,1790588990.863942,200,3191.374249989167,3191.5634169708937,2885,7961d5af-245d-48cc-8bd7-38883904fc6b,,2026/09/28/rlwa-web-container[17]45e7e04daa3c4f52ad2c1908bbc15dac,True,354.71,2903.0,1024.0,210.0,2548.22,,,72.0,149.0,1949.0,1967.0,,,True,,
tune-asyncinit-off,1024,asyncinit-off,WEB_CONTAINER,rlwa-web-container,web,container,1790588990.863915,200,3620.044457959011,3620.3437498770654,2885,51a8cd94-19b7-4cb8-a893-b727adca1829,,2026/09/28/rlwa-web-container[17]c4ee8bb11e5541a28447ebbe1ee37eea,True,378.46,3325.0,1024.0,210.0,2946.14,,,94.0,157.0,2235.0,2268.0,,,True,,
tune-asyncinit-off,1024,asyncinit-off,WEB_CONTAINER,rlwa-web-container,web,container,1790588990.8639848,200,3739.704000065103,3740.6002080533653,2885,8400be50-157f-423b-ac67-ed29e790875f,,2026/09/28/rlwa-web-container[17]2aad7a1bb0b84feda2897dc1ac29d5a7,True,379.54,3443.0,1024.0,213.0,3063.26,,,97.0,170.0,2328.0,2350.0,,,True,,
tune-asyncinit-off,1024,asyncinit-off,WEB_CONTAINER,rlwa-web-container,web,container,1790588990.864015,200,2786.8224158883095,2786.9890828151256,2885,3243e62f-f71a-4baf-8d81-8769efe7e400,,2026/09/28/rlwa-web-container[17]7a3bdea6534241ec8e8352c906b6b3f1,True,302.14,2447.0,1024.0,211.0,2144.73,,,71.0,137.0,1649.0,1673.0,,,True,,
tune-asyncinit-off,1024,asyncinit-off,WEB_CONTAINER,rlwa-web-container,web,container,1790588990.864084,200,2943.0958330631256,2943.2360830251127,2885,5a5022ad-ad31-4802-b744-84029b0987fb,,2026/09/28/rlwa-web-container[17]1d2c1bfe2249406aaa981827f719c75a,True,332.6,2662.0,1024.0,214.0,2328.54,,,80.0,135.0,1748.0,1778.0,,,True,,
tune-asyncinit-off,1024,asyncinit-off,WEB_CONTAINER,rlwa-web-container,web,container,1790588990.864053,200,3133.0107080284506,3135.7847910840064,2885,57a7da64-7861-4aec-8972-35e436d12b3f,,2026/09/28/rlwa-web-container[17]bb0f191cb16e4334b0b2286f53b78365,True,355.07,2839.0,1024.0,213.0,2483.56,,,71.0,145.0,1885.0,1910.0,,,True,,
tune-asyncinit-off,1024,asyncinit-off,WEB_CONTAINER,rlwa-web-container,web,container,1790588990.8641138,200,3655.293457908556,3658.0189999658614,2885,baf861ad-50dd-4aaf-a4d9-e2e315cf1540,,2026/09/28/rlwa-web-container[17]a4ae6b9b03df4d328e573ed0af7e8102,True,360.36,3374.0,1024.0,212.0,3013.19,,,116.0,160.0,2391.0,2418.0,,,True,,
tune-asyncinit-off,1024,asyncinit-off,WEB_CONTAINER,rlwa-web-container,web,container,1790588990.863702,200,3015.1921659708023,3015.3415410313755,2885,9cceddb5-0ff2-458f-9257-6603964bd467,,2026/09/28/rlwa-web-container[17]0926d5e2693c431faacc77ba97ae9a34,True,357.58,2729.0,1024.0,212.0,2370.89,,,77.0,145.0,1801.0,1831.0,,,True,,
tune-asyncinit-off,1024,asyncinit-off,API_CONTAINER,rlwa-api-container,api,container,1790589004.3703098,200,2877.595917088911,2877.9888339340687,493,e9876029-a89d-47e9-a29e-3a152d9973d7,,2026/09/28/rlwa-api-container[17]dc9aad86be0d45b3b7ffe3ce8192ae08,True,253.6,2649.0,1024.0,206.0,2395.23,,,57.0,110.0,1835.0,1848.0,,,True,,
tune-asyncinit-off,1024,asyncinit-off,API_CONTAINER,rlwa-api-container,api,container,1790589004.36991,200,3440.911125158891,3441.129083978012,493,680cef50-77c3-490b-a61e-42cd17a7ef0e,,2026/09/28/rlwa-api-container[17]7c0a3d2f569c4b96a8a21dcfc4494bee,True,263.64,3190.0,1024.0,207.0,2925.55,,,82.0,115.0,2260.0,2277.0,,,True,,
tune-asyncinit-off,1024,asyncinit-off,API_CONTAINER,rlwa-api-container,api,container,1790589004.3699682,200,3113.492458127439,3113.9084580354393,493,b73d0729-034b-40e9-a84a-b00e2a17aacc,,2026/09/28/rlwa-api-container[17]ce74fcaa0c984f4096db1082f41eadf6,True,240.38,2837.0,1024.0,209.0,2595.84,,,55.0,107.0,2008.0,2026.0,,,True,,
tune-asyncinit-off,1024,asyncinit-off,API_CONTAINER,rlwa-api-container,api,container,1790589004.370135,200,2678.2290420960635,2679.0649169124663,493,cdd966b0-fd80-44c4-8721-6a439f8bed95,,2026/09/28/rlwa-api-container[17]364035e02eeb48b686beafc3733026bb,True,249.07,2457.0,1024.0,208.0,2207.87,,,63.0,94.0,1688.0,1703.0,,,True,,
tune-asyncinit-off,1024,asyncinit-off,API_CONTAINER,rlwa-api-container,api,container,1790589004.370034,200,3428.256249986589,3428.569250041619,493,1b9abd42-d3b0-43cd-8b70-fad950f9c85f,,2026/09/28/rlwa-api-container[17]d877a502e07a405b930be2118ebe321b,True,268.26,3190.0,1024.0,205.0,2921.19,,,88.0,102.0,2211.0,2228.0,,,True,,
tune-asyncinit-off,1024,asyncinit-off,API_CONTAINER,rlwa-api-container,api,container,1790589004.3701959,200,2849.1576248779893,2849.535542074591,493,6ebd32b0-4855-4174-a986-939043b95c3f,,2026/09/28/rlwa-api-container[17]3c8bb29959f24ca9aab74f8bfbe21f61,True,242.25,2605.0,1024.0,205.0,2361.87,,,72.0,105.0,1793.0,1808.0,,,True,,
tune-asyncinit-off,1024,asyncinit-off,API_CONTAINER,rlwa-api-container,api,container,1790589004.370095,200,3417.8667080122977,3418.2413751259446,493,466af367-9956-4838-a4d2-3dd3a11788f4,,2026/09/28/rlwa-api-container[17]b625f7fa71964eac9966cc6f8a0a9912,True,256.81,3186.0,1024.0,207.0,2928.87,,,75.0,108.0,2153.0,2176.0,,,True,,
tune-asyncinit-off,1024,asyncinit-off,API_CONTAINER,rlwa-api-container,api,container,1790589004.37027,200,3458.576542092487,3458.913292037323,493,2821a945-d819-4b7f-89a5-128792acae4c,,2026/09/28/rlwa-api-container[17]e8682f97d2a545f79210d2a5cc255f7e,True,258.23,3224.0,1024.0,208.0,2965.66,,,66.0,119.0,2245.0,2262.0,,,True,,
tune-asyncinit-off,1024,asyncinit-off,API_CONTAINER,rlwa-api-container,api,container,1790589004.370242,200,3352.433125022799,3352.688584011048,493,eb0a62f9-fc42-460b-a9e2-fd526ac34b64,,2026/09/28/rlwa-api-container[17]4eb0fb8fc8d645e283fb996bd88720c1,True,267.7,3135.0,1024.0,207.0,2866.58,,,88.0,105.0,2206.0,2222.0,,,True,,
tune-asyncinit-off,1024,asyncinit-off,API_CONTAINER,rlwa-api-container,api,container,1790589004.369761,200,2679.218249861151,2679.6824999619275,493,a071648c-3bac-4334-8002-5124bc359743,,2026/09/28/rlwa-api-container[17]daa2ada6afa5420c8d0dbc3985245b6a,True,242.46,2387.0,1024.0,210.0,2143.99,,,47.0,92.0,1606.0,1622.0,,,True,,
tune-asyncinit-off,1024,asyncinit-off,WEB_ZIP,rlwa-web-zip,web,zip,1790589021.61694,200,8572.087707929313,8574.865666916594,2885,ad6b8e8e-941f-43f2-b726-6817a5887605,,2026/09/28/rlwa-web-zip[17]e71f2e02c0264c8f98568830cbc64d69,True,526.17,8028.0,1024.0,238.0,7501.01,,,294.0,289.0,6655.0,6695.0,,,True,,
tune-asyncinit-off,1024,asyncinit-off,WEB_ZIP,rlwa-web-zip,web,zip,1790589021.616997,200,8404.546207981184,8404.979000100866,2885,f60123da-43bb-4a17-b85f-8c2f54bdf73a,,2026/09/28/rlwa-web-zip[17]32313b813151422cba9c57c62ae53c7c,True,558.64,7839.0,1024.0,243.0,7279.96,,,313.0,337.0,6497.0,6539.0,,,True,,
tune-asyncinit-off,1024,asyncinit-off,WEB_ZIP,rlwa-web-zip,web,zip,1790589021.6170518,200,8245.615125168115,8245.97500008531,2885,2b0d3c36-4716-4423-9e19-ffd5568b0bb9,,2026/09/28/rlwa-web-zip[17]e84451cf0afc467184484d502c447e0f,True,492.8,7694.0,1024.0,240.0,7200.56,,,286.0,317.0,6406.0,6450.0,,,True,,
tune-asyncinit-off,1024,asyncinit-off,WEB_ZIP,rlwa-web-zip,web,zip,1790589021.617106,200,8296.46316706203,8296.814957866445,2885,ddcc268d-bbdf-4f53-aa7e-b1e263980bc6,,2026/09/28/rlwa-web-zip[17]c037f58511db40e0a34493c2fd568ad5,True,539.17,7722.0,1024.0,240.0,7182.06,,,293.0,318.0,6400.0,6441.0,,,True,,
tune-asyncinit-off,1024,asyncinit-off,WEB_ZIP,rlwa-web-zip,web,zip,1790589021.617145,200,8316.07670802623,8316.283292137086,2885,e1016e71-9c6b-4989-a9b1-5f616436c2cd,,2026/09/28/rlwa-web-zip[17]373e190560aa41dfb6da834f0f6966a2,True,507.08,7750.0,1024.0,239.0,7242.39,,,285.0,282.0,6441.0,6480.0,,,True,,
tune-asyncinit-off,1024,asyncinit-off,WEB_ZIP,rlwa-web-zip,web,zip,1790589021.6172092,200,7347.268666839227,7347.596332896501,2885,463fb44b-899a-4de7-9d7e-403b8200a971,,2026/09/28/rlwa-web-zip[17]0ce0f1aaea044c56a26052dedf1f1604,True,617.44,6799.0,1024.0,240.0,6180.9,,,282.0,225.0,5603.0,5639.0,,,True,,
tune-asyncinit-off,1024,asyncinit-off,WEB_ZIP,rlwa-web-zip,web,zip,1790589021.617269,200,7858.870791969821,7859.24179200083,2885,f6115bf5-33ad-4f24-9e31-55f353c0002c,,2026/09/28/rlwa-web-zip[17]440846e4da0d49bebf0b4dcff74fade4,True,502.75,7295.0,1024.0,241.0,6791.32,,,257.0,270.0,6043.0,6085.0,,,True,,
tune-asyncinit-off,1024,asyncinit-off,WEB_ZIP,rlwa-web-zip,web,zip,1790589021.617301,200,7579.275124939159,7581.743750022724,2885,49e166e8-d0ce-45b2-85b3-c63a473c4ca8,,2026/09/28/rlwa-web-zip[17]96b5afe477e84a2190d81840bd8d7847,True,504.2,7070.0,1024.0,240.0,6565.51,,,250.0,269.0,5879.0,5918.0,,,True,,
tune-asyncinit-off,1024,asyncinit-off,WEB_ZIP,rlwa-web-zip,web,zip,1790589021.617339,200,8355.928124859929,8356.259957887232,2885,4afc7ddf-6343-4eda-b053-8bd61f127429,,2026/09/28/rlwa-web-zip[17]c44060b9425e4254b288679bf5315188,True,502.89,7746.0,1024.0,238.0,7242.88,,,292.0,289.0,6448.0,6491.0,,,True,,
tune-asyncinit-off,1024,asyncinit-off,WEB_ZIP,rlwa-web-zip,web,zip,1790589021.616777,200,8308.516083052382,8308.890167158097,2885,9de223a0-dca7-43f9-bcc9-e482fd1fdfa4,,2026/09/28/rlwa-web-zip[17]da64e28ddff043f39c929d9d51442403,True,508.75,7759.0,1024.0,240.0,7249.3,,,290.0,316.0,6463.0,6506.0,,,True,,
tune-asyncinit-off,1024,asyncinit-off,API_ZIP,rlwa-api-zip,api,zip,1790589039.770565,200,7037.55066706799,7038.506708107889,493,62635dc3-5cb0-4933-944e-5e93aea62dc9,,2026/09/28/rlwa-api-zip[17]c24a624ff9d548aebb5a12a703f917fd,True,332.74,6416.0,1024.0,233.0,6082.32,,,263.0,247.0,5512.0,5539.0,,,True,,
tune-asyncinit-off,1024,asyncinit-off,API_ZIP,rlwa-api-zip,api,zip,1790589039.770625,200,7752.044332912192,7752.478332957253,493,5ba72af8-66f3-414e-a4d9-cd881f755086,,2026/09/28/rlwa-api-zip[17]32a781e9c7d1486396f81d9cee77f0f0,True,335.6,7200.0,1024.0,237.0,6863.59,,,295.0,328.0,6105.0,6137.0,,,True,,
tune-asyncinit-off,1024,asyncinit-off,API_ZIP,rlwa-api-zip,api,zip,1790589039.770675,200,8100.586167071015,8101.185749983415,493,a7025f0a-1585-4128-921a-2587c0b0b21e,,2026/09/28/rlwa-api-zip[17]2ef530c6c7674c38a68ffde74f331af2,True,340.78,7533.0,1024.0,237.0,7192.1,,,296.0,319.0,6310.0,6345.0,,,True,,
tune-asyncinit-off,1024,asyncinit-off,API_ZIP,rlwa-api-zip,api,zip,1790589039.77071,200,7038.311833050102,7038.903583073989,493,d65040e0-6e4d-444b-abc7-f4df807a7ef6,,2026/09/28/rlwa-api-zip[17]2463c2a45f144c469c07afb5f15bc9e5,True,328.82,6515.0,1024.0,237.0,6185.94,,,263.0,278.0,5571.0,5602.0,,,True,,
tune-asyncinit-off,1024,asyncinit-off,API_ZIP,rlwa-api-zip,api,zip,1790589039.770869,200,8000.692333793268,8001.040000002831,493,152cea75-8b3e-4515-bd07-fee6ff4439c6,,2026/09/28/rlwa-api-zip[17]587522cc78c646d2863f492213c83322,True,340.3,7348.0,1024.0,239.0,7006.86,,,294.0,323.0,6210.0,6243.0,,,True,,
tune-asyncinit-off,1024,asyncinit-off,API_ZIP,rlwa-api-zip,api,zip,1790589039.770808,200,7914.006666047499,7914.307249942794,493,8780fcca-5ddb-4cb2-92bd-e3451827c2fa,,2026/09/28/rlwa-api-zip[17]36f558f0d2464dc4bcccdac3c95faccb,True,341.05,7364.0,1024.0,237.0,7022.66,,,294.0,316.0,6212.0,6243.0,,,True,,
tune-asyncinit-off,1024,asyncinit-off,API_ZIP,rlwa-api-zip,api,zip,1790589039.7709818,200,7446.581082884222,7446.957291802391,493,db741f0e-4962-41f2-a929-689caedb16d8,,2026/09/28/rlwa-api-zip[17]b7c000b3d4614fb98613f8cd77cd99c9,True,363.74,6852.0,1024.0,238.0,6487.66,,,267.0,297.0,5642.0,5670.0,,,True,,
tune-asyncinit-off,1024,asyncinit-off,API_ZIP,rlwa-api-zip,api,zip,1790589039.770912,200,7037.808499997482,7038.643500069156,493,2b4c6b41-cbda-4efe-a220-8b8975c234a1,,2026/09/28/rlwa-api-zip[17]5441e1ce50db4cec8177f01a07f2a121,True,330.05,6493.0,1024.0,238.0,6162.79,,,248.0,271.0,5486.0,5522.0,,,True,,
tune-asyncinit-off,1024,asyncinit-off,API_ZIP,rlwa-api-zip,api,zip,1790589039.770955,200,7865.83883408457,7866.199792129919,493,dcb72cf1-d714-40ff-99c9-70721ea36d51,,2026/09/28/rlwa-api-zip[17]916ba423e1424021a3db2b7bdd6db78b,True,358.86,7269.0,1024.0,237.0,6909.55,,,294.0,301.0,6107.0,6138.0,,,True,,
tune-asyncinit-off,1024,asyncinit-off,API_ZIP,rlwa-api-zip,api,zip,1790589039.770425,200,8072.977666044608,8073.348958045244,493,9a778a15-a05f-4fae-bfde-657d37fa5ac8,,2026/09/28/rlwa-api-zip[17]e9130090ab2c4ab48c06383422e7a353,True,360.47,7506.0,1024.0,237.0,7145.24,,,286.0,323.0,6285.0,6318.0,,,True,,
dbpaused-cold,1024,db-paused-cold,API_CONTAINER,rlwa-api-container,api,container,1790589562.5478132,200,16454.677375033498,16455.668667098507,493,c2dbb314-4a46-4aa8-a5a5-5489a6b6dda5,,2026/09/28/rlwa-api-container[19]d4aa5ab3a47744738efca7683c812970,True,13530.36,16014.0,1024.0,210.0,2483.58,,,61.0,101.0,1909.0,1924.0,,,True,2026-09-28T09:59:00+00:00,cold
dbpaused-cold,1024,db-paused-cold,API_CONTAINER,rlwa-api-container,api,container,1790589562.547738,200,16456.27316716127,16456.549709197134,493,6b1c2e58-2081-40cb-a8dd-fbddbe7f9a7b,,2026/09/28/rlwa-api-container[19]cd24a5e4c6d54cc4bc0db779886bcebf,True,13035.84,16024.0,1024.0,206.0,2987.93,,,64.0,121.0,2265.0,2291.0,,,True,2026-09-28T09:59:00+00:00,cold
dbpaused-cold,1024,db-paused-cold,API_CONTAINER,rlwa-api-container,api,container,1790589562.5474648,200,16455.727000022307,16456.139292102307,493,128be8cb-c1b9-4582-a469-0299f551ce05,,2026/09/28/rlwa-api-container[19]5bc6bf76ec92448192a79e178018f086,True,13878.97,16043.0,1024.0,208.0,2163.79,,,48.0,105.0,1648.0,1669.0,,,True,2026-09-28T09:59:00+00:00,cold
dbpaused-warm,1024,db-paused-warm,API_CONTAINER,rlwa-api-container,api,container,1790590057.1289248,200,14847.414999967441,14847.854832885787,493,bcbe2be6-1a84-454e-8eaa-878df12d82d9,,2026/09/28/rlwa-api-container[19]cd24a5e4c6d54cc4bc0db779886bcebf,True,14743.14,14744.0,1024.0,220.0,,,,,,,,,,False,2026-09-28T10:07:00+00:00,warm
dbpaused-warm,1024,db-paused-warm,API_CONTAINER,rlwa-api-container,api,container,1790590057.12899,200,14846.223624888808,14847.389583010226,493,27a3d576-f68b-439f-bb6e-39bfc58cdfa5,,2026/09/28/rlwa-api-container[19]5bc6bf76ec92448192a79e178018f086,True,14736.14,14737.0,1024.0,221.0,,,,,,,,,,False,2026-09-28T10:07:00+00:00,warm
dbpaused-warm,1024,db-paused-warm,API_CONTAINER,rlwa-api-container,api,container,1790590057.128758,200,14846.816207980737,14847.19920787029,493,6d6a640c-5493-4041-9c70-ad9938709867,,2026/09/28/rlwa-api-container[19]d4aa5ab3a47744738efca7683c812970,True,14738.71,14739.0,1024.0,224.0,,,,,,,,,,False,2026-09-28T10:07:00+00:00,warm
